module_code,phytocore_code,module_name,registry_match,xlsx_axes,md_primary,md_secondary,md_all,xlsx_vs_md,only_in_xlsx,only_in_md,suggested_union,md_file_count,dose,contraindications,needs_review,raw_axis_text
H-001,TSPI-CURCUMA-01,Curcuma Capsules,Curcuma Capsules,A1;A9;A16;A17;A18;A19;A21;A25;A27,A1;A9;A16;A17;A18;A19;A21;A25;A27,,A1;A9;A16;A17;A18;A19;A21;A25;A27,AGREE,,,A1;A9;A16;A17;A18;A19;A21;A25;A27,1,"Take 2-4 capsules (500 mg) 3-4 times daily. It is recommended to take them before meals or on an empty stomach, as the h",A risk score of 2/10 suggests caution should be exercised in individuals taking anticoagulants or anticoagulant medications.,,Axis 1 – Systemic Inflammatory Load Axis 9 – Oxidative Stress Regulation Axis 16 – Liver Detoxification Axis 17 – Digestive Function Axis 18 – Microbiome Ecology Axis 19 – Gut Barrier Integrity Axis 21 – Endothelial Function Axis 25 – Tissue Repair Axis 27 – Metabolic Balance
H-003,TSPI-ABSORN-03,ABSORN CAPSULE,ABSORN CAPSULE,A1;A9;A21;A22;A25;A27;A29;A33;A34;A36,A1;A9;A21;A22;A25;A27;A29;A33;A34;A36,,A1;A9;A21;A22;A25;A27;A29;A33;A34;A36,AGREE,,,A1;A9;A21;A22;A25;A27;A29;A33;A34;A36,1,Take 2-4 capsules (500 mg) 3-4 times daily before meals or on an empty stomach to enhance absorption of the active ingre,A risk score of 3/10 suggests caution in individuals using anticoagulants or hormonal therapy.,,Axis 1 — Systemic inflammatory load Axis 9 — Oxidative stress regulation Axis 21 — Endothelial function Axis 22 — Microcirculation Axis 25 — Tissue repair Axis 27 — Hormonal balance Axis 29 — Reproductive system Axis 33 — Nervous system regulation Axis 34 — Neuroendocrine regulation increase Oncolog
H-004,TSPI-DERRIS-SCANDENS-04,COMPOUND DERRIS SCANDENS CAPSULE,COMPOUND DERRIS SCANDENS CAPSULE,A1;A9;A21;A22;A25;A27;A30;A31;A33;A36,A1;A9;A21;A22;A25;A27;A30;A31;A33;A36,,A1;A9;A21;A22;A25;A27;A30;A31;A33;A36,AGREE,,,A1;A9;A21;A22;A25;A27;A30;A31;A33;A36,1,Take 2-4 capsules (500 mg) 3-4 times daily before meals or on an empty stomach to enhance absorption of the active ingre,Risk score 2/10: Caution advised for users of NSAIDs and anticoagulants.,,Axis 1 — Systemic inflammatory load Axis 9 — Oxidative stress regulation Axis 21 — Endothelial function Axis 22 — Microcirculation Axis 25 — Tissue repair Axis 30 — Musculoskeletal system Axis 31 — Connective tissue integrity Axis 33 — Nervous system pain modulation Axis 27 — Metabolic balance Oncol
H-005,TSPI-DERRIS-VELVET-05,COMPOUND DERRIS VELVET CAPSULE,COMPOUND DERRIS VELVET CAPSULE,A2;A7;A9;A21;A22;A25;A27;A30;A33;A35;A36,A2;A7;A9;A21;A22;A25;A27;A30;A33;A35;A36,,A2;A7;A9;A21;A22;A25;A27;A30;A33;A35;A36,AGREE,,,A2;A7;A9;A21;A22;A25;A27;A30;A33;A35;A36,1,"2-4 capsules (500 mg) 3-4 times daily, before meals or on an empty stomach.",A risk score of 3/10 suggests caution in patients using immunosuppressants and chemotherapy.,,Axis 2 — Immune homeostasis Axis 7 — Mitochondrial energy production Axis 9 — Oxidative stress regulation Axis 21 — Endothelial function Axis 22 — Microcirculation Axis 25 — Tissue repair Axis 27 — Hormonal balance Axis 30 — Musculoskeletal system Axis 33 — Nervous system regulation Axis 35 — Longev
H-006,TSPI-BUTEA-06,BUTEA SUPERBA CAPSULE,BUTEA SUPERBA CAPSULE,A9;A21;A22;A27;A30;A33;A35,A9;A21;A22;A27;A30;A33;A35,A7,A7;A9;A21;A22;A27;A30;A33;A35,PARTIAL,,A7,A7;A9;A21;A22;A27;A30;A33;A35,3,"2-4 capsules (500 mg) 3-4 times daily, before meals or on an empty stomach.",Risk score 3/10. Caution should be exercised in users of nitrate drugs and antihypertensive drugs.,,Axis 21 — Endothelial function Axis 22 — Microcirculation Axis 27 — Hormonal balance Axis 30 — Musculoskeletal system Axis 33 — Nervous system regulation Axis 35 — Sexual function Axis 9 — Oxidative stress regulation
H-007,TSPI-BENCHAKUL-07,BENCHAKUL CAPSULE,BENCHAKUL CAPSULE,A9;A16;A17;A18;A19;A21;A24;A27;A28;A39,A9;A16;A17;A18;A19;A21;A24;A27;A28;A39,,A9;A16;A17;A18;A19;A21;A24;A27;A28;A39,AGREE,,,A9;A16;A17;A18;A19;A21;A24;A27;A28;A39,1,"2-4 capsules (500 mg) 3-4 times daily, before meals or on an empty stomach.",Risk score 2/10. Caution should be exercised in users of anticoagulants and antidiabetic drugs.,,Axis 17 — Digestive function Axis 18 — Microbiome ecology Axis 19 — Gut barrier integrity Axis 16 — Detoxification Axis 27 — Metabolic balance Axis 28 — Glucose metabolism Axis 24 — Insulin sensitivity Axis 21 — Endothelial function Axis 9 — Oxidative stress regulation                               
H-008,TSPI-YAVETCHAKORN-06,YAVETCHAKORN NO.6 CAPSULE,YAVETCHAKORN NO.6 CAPSULE,A2;A9;A17;A21;A22;A27;A33;A34;A35;A39,A2;A9;A17;A21;A22;A27;A33;A34;A35;A39,,A2;A9;A17;A21;A22;A27;A33;A34;A35;A39,AGREE,,,A2;A9;A17;A21;A22;A27;A33;A34;A35;A39,1,"As per your previously prescribed regimen, take 2–4 capsules (500 mg/capsule) 3–4 times daily, before meals or on an emp","Risk score: 2.5/10. Caution should be exercised in individuals using sleeping pills, anti-anxiety medications, sedatives, or medications tha",,Axis 9 – Oxidative stress regulation Axis 17 – Digestive function Axis 21 – Endothelial function Axis 22 – Microcirculation Axis 33 – Nervous system regulation Axis 34 – Neuroendocrine regulation Axis 35 – Sleep / restoration axis Axis 2 – Immune homeostasis (indirectly through stress regulation) Ax
H-009,TSPI-HORENYIN-09,HO REN YIN MIXTURE,HO REN YIN MIXTURE,A2;A21;A22;A27;A29;A33;A35,A1;A4;A5;A8;A9;A11;A13;A14;A18;A21;A22;A23;A24;A26;A27;A28;A29;A31;A32;A33;A34;A35,A2;A28;A29;A30;A34;A35,A1;A2;A4;A5;A8;A9;A11;A13;A14;A18;A21;A22;A23;A24;A26;A27;A28;A29;A30;A31;A32;A33;A34;A35,PARTIAL,,A1;A4;A5;A8;A9;A11;A13;A14;A18;A23;A24;A26;A28;A30;A31;A32;A34,A1;A2;A4;A5;A8;A9;A11;A13;A14;A18;A21;A22;A23;A24;A26;A27;A28;A29;A30;A31;A32;A33;A34;A35,5,"2-4 capsules (500 mg) 3-4 times daily, before meals or on an empty stomach.",Risk score 3/10. Caution should be exercised in users of anticoagulants and hormonal drugs.,,Axis 2 — Immune homeostasis Axis 21 — Endothelial function Axis 22 — Microcirculation Axis 27 — Hormonal balance Axis 29 — Reproductive system Axis 33 — Nervous system regulation Axis 35 — Longevity regeneration
H-010,TSPI-MOMORDICA-010,MOMORDICA CHARANTIA CAPSULE,MOMORDICA CHARANTIA CAPSULE,A9;A18;A19;A21;A24;A27;A28,A9;A18;A19;A21;A24;A27;A28,,A9;A18;A19;A21;A24;A27;A28,AGREE,,,A9;A18;A19;A21;A24;A27;A28,1,"2-4 capsules (500 mg) 3-4 times daily, before meals or on an empty stomach.",Risk score 3/10. Caution should be exercised in users of insulin and oral antidiabetic drugs.,,Axis 24 — Insulin sensitivity Axis 27 — Metabolic balance Axis 28 — Glucose metabolism Axis 18 — Microbiome ecology Axis 19 — Gut barrier integrity Axis 9 — Oxidative stress regulation Axis 21 — Endothelial function
H-011,TSPI-WATTANOTHAI-011,WATTANOTHAI CAPSULE,WATTANOTHAI CAPSULE,A9;A16;A17;A18;A19;A21;A27,,,,XLSX_ONLY(no md),A9;A16;A17;A18;A19;A21;A27,,A9;A16;A17;A18;A19;A21;A27,0,"2-4 capsules (500 mg) 3-4 times daily, before meals or on an empty stomach.",Risk score 2/10,,Axis 17 — Digestive function Axis 18 — Microbiome ecology Axis 19 — Gut barrier integrity Axis 16 — Hepatobiliary detoxification Axis 21 — Endothelial function Axis 9 — Oxidative stress regulation Axis 27 — Metabolic balance
H-012,TSPI-YHATEENNOK-012,COMPOUND YHATEENNOK CAPSULE,GARCINIA,A1;A9;A21;A22;A27;A32;A33,A1;A2;A5;A9;A18;A19;A21;A31,A7;A14,A1;A2;A5;A7;A9;A14;A18;A19;A21;A31,PARTIAL,A22;A27;A32;A33,A2;A5;A7;A14;A18;A19;A31,A1;A2;A5;A7;A9;A14;A18;A19;A21;A22;A27;A31;A32;A33,2,"2-4 capsules (500 mg) 3-4 times daily, before meals or on an empty stomach.",3/10 Caution should be exercised in users of blood pressure lowering medications and vasodilators.,,Axis 1 — Systemic inflammatory load Axis 9 — Oxidative stress regulation Axis 21 — Endothelial function Axis 22 — Microcirculation Axis 27 — Autonomic balance Axis 32 — Cardiovascular system Axis 33 — Nervous system regulation
H-013,TSPI-STOMMA-013,STOMMA CAPSULE,STOMMA CAPSULE,A1;A9;A16;A17;A18;A19,A1;A9;A16;A17;A18;A19,A1,A1;A9;A16;A17;A18;A19,AGREE,,,A1;A9;A16;A17;A18;A19,4,"2-4 capsules (500 mg) 3-4 times daily, before meals or on an empty stomach.",2026-10-02 00:00:00,,Axis 17 — Digestive function Axis 18 — Microbiome ecology Axis 19 — Gut barrier integrity Axis 1 — Systemic inflammatory load Axis 9 — Oxidative stress regulation Axis 16 — Hepatobiliary detoxification
H-014,TSPI-RIDSI-014,RID-SI CAPSULE,RID-SI CAPSULE,A1;A9;A21;A22;A25;A26;A31,A1;A9;A21;A22;A24;A25;A26;A31,A25,A1;A9;A21;A22;A24;A25;A26;A31,PARTIAL,,A24,A1;A9;A21;A22;A24;A25;A26;A31,5,"2-4 capsules (500 mg) 3-4 times daily, before meals or on an empty stomach.",2026-10-02 00:00:00,,Axis 1 – Systemic inflammatory load Axis 9 – Oxidative stress regulation Axis 21 – Endothelial function Axis 22 – Microcirculation Axis 25 – Wound healing Axis 26 – ECM remodeling Axis 31 – Connective tissue integrity
H-012,TSPI-GARCINIA-012,GARCINIA,GARCINIA,A1;A2;A9;A18;A19;A21;A31,A1;A2;A5;A9;A18;A19;A21;A31,A7;A14,A1;A2;A5;A7;A9;A14;A18;A19;A21;A31,PARTIAL,,A5;A7;A14,A1;A2;A5;A7;A9;A14;A18;A19;A21;A31,2,2-4 capsules (500 mg) 3-4 times daily before meals.,Risk score 2/10,,Axis 1 — Systemic inflammatory load Axis 9 — Oxidative stress regulation Axis 18 — Microbiome ecology Axis 19 — Gut barrier integrity Axis 2 — Immune homeostasis Axis 31 — Skin health Axis 21 — Endothelial function
H-013,TSPI-HOUTTUYNIA-013,HOUTTUYNIA CORDATA CAPSULE,STOMMA CAPSULE,A1;A2;A3;A9;A18;A19;A21,A1;A9;A16;A17;A18;A19,A1,A1;A9;A16;A17;A18;A19,PARTIAL,A2;A3;A21,A16;A17,A1;A2;A3;A9;A16;A17;A18;A19;A21,4,"2-4 capsules (500 mg) 3-4 times daily, before meals or on an empty stomach.",Risk score 2/10,,Axis 2 — Immune homeostasis Axis 1 — Systemic inflammatory load Axis 18 — Microbiome ecology Axis 19 — Gut barrier integrity Axis 3 — Pathogen defense Axis 9 — Oxidative stress regulation Axis 21 — Endothelial function
H-014,TSPI-CENTELLA-014,Centella Asiatica Capsule,RID-SI CAPSULE,A9;A21;A22;A25;A31;A33;A34,A1;A9;A21;A22;A24;A25;A26;A31,A25,A1;A9;A21;A22;A24;A25;A26;A31,PARTIAL,A33;A34,A1;A24;A26,A1;A9;A21;A22;A24;A25;A26;A31;A33;A34,5,2-4 capsules (500 mg) 3-4 times daily before meals.,Risk score 2/10,,Axis 9 — Oxidative stress regulation Axis 21 — Endothelial function Axis 22 — Microcirculation Axis 25 — Tissue repair Axis 31 — Skin regeneration Axis 33 — Nervous system regulation Axis 34 — Cognitive function
H-015,TSPI-BLAX-015,B-LAX CAPSULE,B-LAX CAPSULE,A16;A17;A18;A20;A22;A33;A35,A16;A17;A18;A20;A22;A33;A35,A16,A16;A17;A18;A20;A22;A33;A35,AGREE,,,A16;A17;A18;A20;A22;A33;A35,4,"Take 2-4 capsules (500 mg) 3-4 times daily, before meals or on an empty stomach.","Low risk, but caution is advised in users of stimulant laxatives and motility drugs.",,Axis 17 — Digestive system Axis 18 — Microbiome regulation Axis 16 — Detoxification pathway Axis 20 — Colon biofilm burden Axis 33 — Nervous system regulation Axis 22 — Microcirculation                                              Axis 35: Organ Resilience & Functional Reserve (Organ Meta‑Axis)
H-016,TSPI-BLOOD-REGEN-016,Nourishing Blood Tonic Capsule,Nourishing Blood Tonic Capsule,A1;A9;A21;A22;A25;A27;A31,A1;A9;A21;A22;A25;A27;A28;A31,A14;A21,A1;A9;A14;A21;A22;A25;A27;A28;A31,PARTIAL,,A14;A28,A1;A9;A14;A21;A22;A25;A27;A28;A31,5,"2-4 capsules (500 mg) 3-4 times daily, before meals or on an empty stomach.",,,Axis 1 – Systemic inflammation Axis 9 – Oxidative stress regulation Axis 21 – Endothelial protection Axis 22 – Microcirculation Axis 25 – Tissue regeneration Axis 27 – Hormonal regulation Axis 31 – Hematopoietic regulation
H-017,TSPI-CATHARTIC-017,Cathartic Capsule,Cathartic Capsule,A16;A17;A18;A20;A33,A16;A17;A18;A20;A33,A16;A19,A16;A17;A18;A19;A20;A33,PARTIAL,,A19,A16;A17;A18;A19;A20;A33,3,"2-4 capsules (500 mg) 3-4 times daily, before meals or on an empty stomach.",Stimulant laxatives are drugs that increase bowel movement.,,Axis 16 — Detoxification Axis 17 — Digestive system Axis 18 — Gut microbiome Axis 20 — Colon biofilm burden Axis 33 — Nervous system regulation
H-018,TSPI-VENTA-018,Ya Venta Capsule,Ya Venta Capsule,A1;A9;A21;A22;A25;A33,A1;A9;A17;A21;A22;A25;A29;A31;A33,A18,A1;A9;A17;A18;A21;A22;A25;A29;A31;A33,PARTIAL,,A17;A18;A29;A31,A1;A9;A17;A18;A21;A22;A25;A29;A31;A33,4,"2-4 capsules (500 mg) 3-4 times daily, before meals or on an empty stomach.",,,Axis 1 — Systemic inflammation Axis 9 — Oxidative stress regulation Axis 21 — Endothelial function Axis 22 — Microcirculation Axis 25 — Tissue repair Axis 33 — Nervous system regulation
H-019,TSPI-FEVA-IMMUNE-019,FEVA CAPSULE,FEVA CAPSULE,A1;A2;A3;A9;A31;A32,A1;A2;A3;A9;A31;A32,,A1;A2;A3;A9;A31;A32,AGREE,,,A1;A2;A3;A9;A31;A32,2,"2-4 capsules (500 mg) 3-4 times daily, before meals or on an empty stomach.",,,Axis 1 — Systemic inflammatory load Axis 2 — Immune homeostasis Axis 3 — Pathogen defense Axis 9 — Oxidative stress regulation Axis 31 — Immune modulation Axis 32 — Respiratory system
H-020,TSPI-BOVA-020,BOVA Capsule,BOVA Capsule,A9;A21;A22;A33;A34;A35;A39,A9;A21;A22;A32;A33;A34;A35;A39,,A9;A21;A22;A32;A33;A34;A35;A39,PARTIAL,,A32,A9;A21;A22;A32;A33;A34;A35;A39,2,,,,Axis 9 — Oxidative stress regulation Axis 21 — Endothelial function Axis 22 — Microcirculation Axis 33 — Nervous system regulation Axis 34 — Neuroendocrine regulation Axis 35 — Sleep regulation AXIS 37 Protein Quality Control System Axis  AXIS 38 Protein Clearance & Proteotoxic Stress Axis          
H-021,TSPI-PSYLAZA-021,Psylaza Capsule,Psylaza Capsule,A9;A21;A22;A33;A34;A35;A39,A9;A21;A22;A33;A34;A35;A38;A39,,A9;A21;A22;A33;A34;A35;A38;A39,PARTIAL,,A38,A9;A21;A22;A33;A34;A35;A38;A39,2,"2-4 capsules (500 mg) 3-4 times daily, before meals or on an empty stomach.",,,Axis 9 — Oxidative stress regulation Axis 21 — Endothelial function Axis 22 — Microcirculation Axis 33 — Nervous system regulation Axis 34 — Neuroendocrine axis Axis 35 — Cognitive function AXIS 37 Protein Quality Control System Axis  AXIS 38 Protein Clearance & Proteotoxic Stress Axis              
H-014,TSPI-RIDSI-014,RID-SI Capsule,RID-SI CAPSULE,A1;A9;A21;A22;A25;A26;A31,A1;A9;A21;A22;A24;A25;A26;A31,A25,A1;A9;A21;A22;A24;A25;A26;A31,PARTIAL,,A24,A1;A9;A21;A22;A24;A25;A26;A31,5,2-4 capsules (500 mg) 3-4 times daily before meals.,,,Axis 1 — Systemic inflammation Axis 9 — Oxidative stress Axis 21 — Endothelial function Axis 22 — Microcirculation Axis 25 — Wound healing Axis 26 — ECM remodeling Axis 31 — Connective tissue integrity
H-022,TSPI-CINNARA-022,CINNARA Capsule,CINNARA Capsule,A2;A4;A9;A18;A25;A33,A2;A4;A9;A16;A17;A18;A25;A33,A1;A5;A18;A35,A1;A2;A4;A5;A9;A16;A17;A18;A25;A33;A35,PARTIAL,,A1;A5;A16;A17;A35,A1;A2;A4;A5;A9;A16;A17;A18;A25;A33;A35,4,500 mg per capsule. Take 2–4 capsules 3–4 times daily before meals.,,,Axis 2 — Digestive regulation Axis 4 — Gut motility Axis 9 — Oxidative stress regulation Axis 18 — Microbiome balance Axis 25 — Tissue repair Axis 33 — Nervous system regulation
H-024,TSPI-IMMUNE-DETOX-024,Merdana Capsule,Merdana Capsule,A1;A3;A9;A17;A18;A21;A24;A36;A39,A1;A2;A3;A9;A17;A18;A21;A24;A25;A36;A39,A1;A3;A31;A35,A1;A2;A3;A9;A17;A18;A21;A24;A25;A31;A35;A36;A39,PARTIAL,,A2;A25;A31;A35,A1;A2;A3;A9;A17;A18;A21;A24;A25;A31;A35;A36;A39,2,"2–4 capsules (500 mg) 3–4 times daily, before meals or on an empty stomach.",,,Axis 1 – Systemic inflammatory load Axis 3 – Pathogen defense Axis 9 – Oxidative stress regulation Axis 17 – Microbiome ecology Axis 18 – Gut barrier integrity Axis 21 – Microcirculation Axis 24 – Wound healing Axis 36 – Oncology XIS 37– Protein Quality Control System Axis   AXIS 38 –Protein Clearan
H-023,TSPI-MYOFASCIAL-REPAIR-023,Tarana Capsule,Tarana Capsule,A1;A9;A21;A22;A24;A25;A30,A1;A9;A17;A21;A22;A24;A25;A29;A30,A1;A16;A21;A31,A1;A9;A16;A17;A21;A22;A24;A25;A29;A30;A31,PARTIAL,,A16;A17;A29;A31,A1;A9;A16;A17;A21;A22;A24;A25;A29;A30;A31,2,,,,Axis 1 – Systemic inflammatory load Axis 9 – Oxidative stress regulation Axis 21 – Endothelial function Axis 22 – Microcirculation Axis 24 – Wound healing Axis 25 – Fibrosis regulation Axis 30 – Connective tissue integrity
H-026,TSPI-DETOX-MICROBIOME-026,KS Capsule,KS,A1;A5;A9;A15;A17;A18;A19;A24;A36,A1;A2;A3;A4;A5;A6;A7;A8;A9;A10;A11;A12;A13;A14;A15;A16;A17;A18;A19;A20;A21;A22;A23;A24;A25;A26;A27;A30;A35;A36;A38;A39,A1;A5;A16;A19,A1;A2;A3;A4;A5;A6;A7;A8;A9;A10;A11;A12;A13;A14;A15;A16;A17;A18;A19;A20;A21;A22;A23;A24;A25;A26;A27;A30;A35;A36;A38;A39,PARTIAL,,A2;A3;A4;A6;A7;A8;A10;A11;A12;A13;A14;A16;A20;A21;A22;A23;A25;A26;A27;A30;A35;A38;A39,A1;A2;A3;A4;A5;A6;A7;A8;A9;A10;A11;A12;A13;A14;A15;A16;A17;A18;A19;A20;A21;A22;A23;A24;A25;A26;A27;A30;A35;A36;A38;A39,5,,,,Axis 1 – Systemic inflammation Axis 5 – Glucose regulation Axis 9 – Oxidative stress regulation Axis 15 – Detoxification Axis 17 – Microbiome ecology Axis 18 – Gut barrier integrity Axis 19 – Colon detox Axis 24 – Tissue repair Axis 36 – Oncology
H-027,TSPI-HORMONE-VITALITY-027,Ho Ren Yin Mixture,HO REN YIN MIXTURE,A5;A8;A21;A22;A27;A31;A33,A1;A4;A5;A8;A9;A11;A13;A14;A18;A21;A22;A23;A24;A26;A27;A28;A29;A31;A32;A33;A34;A35,A2;A28;A29;A30;A34;A35,A1;A2;A4;A5;A8;A9;A11;A13;A14;A18;A21;A22;A23;A24;A26;A27;A28;A29;A30;A31;A32;A33;A34;A35,PARTIAL,,A1;A2;A4;A9;A11;A13;A14;A18;A23;A24;A26;A28;A29;A30;A32;A34;A35,A1;A2;A4;A5;A8;A9;A11;A13;A14;A18;A21;A22;A23;A24;A26;A27;A28;A29;A30;A31;A32;A33;A34;A35,5,"1–2 tablespoons, 1–2 times a day.",Risk Score 2/10,,Axis 5 – Metabolic regulation Axis 8 – Mitochondrial energy Axis 21 – Endothelial function Axis 22 – Microcirculation Axis 27 – Hormonal balance Axis 31 – Male androgen axis Axis 33 – Neuroendocrine axis
H-028,TSPI-MUSCLE-REGEN-028,ANAX / AJAX Mixture,ANAX / AJAX Mixture,A5;A8;A9;A21;A22;A24;A30,A5;A8;A9;A21;A22;A24;A30,,A5;A8;A9;A21;A22;A24;A30,AGREE,,,A5;A8;A9;A21;A22;A24;A30,1,"1–2 tablespoons, 1–2 times a day.",,,Axis 5 – Metabolic regulation Axis 8 – Mitochondrial energy Axis 9 – Oxidative stress regulation Axis 21 – Endothelial function Axis 22 – Microcirculation Axis 24 – Tissue repair Axis 30 – Musculoskeletal system
H-030,TSPI-IMMUNE-INFLAM-030,IM-6 Capsule,IM-6 Capsule,A1;A3;A9;A17;A21;A24;A36,A1;A2;A3;A4;A5;A6;A7;A8;A9;A10;A11;A12;A13;A14;A15;A17;A18;A20;A21;A22;A23;A24;A25;A26;A27;A33;A35;A36,,A1;A2;A3;A4;A5;A6;A7;A8;A9;A10;A11;A12;A13;A14;A15;A17;A18;A20;A21;A22;A23;A24;A25;A26;A27;A33;A35;A36,PARTIAL,,A2;A4;A5;A6;A7;A8;A10;A11;A12;A13;A14;A15;A18;A20;A22;A23;A25;A26;A27;A33;A35,A1;A2;A3;A4;A5;A6;A7;A8;A9;A10;A11;A12;A13;A14;A15;A17;A18;A20;A21;A22;A23;A24;A25;A26;A27;A33;A35;A36,3,2–4 capsules (500 mg) 3–4 times daily before meals.,,,Axis 1 – Systemic inflammatory load Axis 3 – Pathogen defense Axis 9 – Oxidative stress regulation Axis 17 – Microbiome immune interface Axis 21 – Microcirculation Axis 24 – Tissue repair Axis 36 – Oncology immune surveillance
H-009,TSPI-REGEN-ENDO-BLOOD-009,HO REN YIN MIXTURE,HO REN YIN MIXTURE,A1;A8;A9;A11;A13;A14;A21;A23;A24;A26;A28;A29;A31;A32;A33;A35,A1;A4;A5;A8;A9;A11;A13;A14;A18;A21;A22;A23;A24;A26;A27;A28;A29;A31;A32;A33;A34;A35,A2;A28;A29;A30;A34;A35,A1;A2;A4;A5;A8;A9;A11;A13;A14;A18;A21;A22;A23;A24;A26;A27;A28;A29;A30;A31;A32;A33;A34;A35,PARTIAL,,A2;A4;A5;A18;A22;A27;A30;A34,A1;A2;A4;A5;A8;A9;A11;A13;A14;A18;A21;A22;A23;A24;A26;A27;A28;A29;A30;A31;A32;A33;A34;A35,5,,,,Axis 1 – Systemic inflammation Axis 8 – Mitochondrial network Axis 9 – Oxidative stress regulation Axis 11 – DNA repair Axis 13 – Longevity signaling Axis 14 – Senescence regulation Axis 21 – Microcirculation Axis 23 – Hemodynamics Axis 24 – Tissue repair Axis 26 – Stem cell / hematopoiesis Axis 28 
H-010,TSPI-REGEN-ENDO-010,AM-PUR MIXTURE,MOMORDICA CHARANTIA CAPSULE,A5;A7;A8;A9;A21;A23;A24;A26;A28;A29;A31;A32;A33;A35,A9;A18;A19;A21;A24;A27;A28,,A9;A18;A19;A21;A24;A27;A28,PARTIAL,A5;A7;A8;A23;A26;A29;A31;A32;A33;A35,A18;A19;A27,A5;A7;A8;A9;A18;A19;A21;A23;A24;A26;A27;A28;A29;A31;A32;A33;A35,1,2-4 capsules (500 mg) 3-4 times daily before meals.,,,Axis 5 – Glucose regulation Axis 7 – Nutrient sensing (AMPK-mTOR) Axis 8 – Mitochondrial network Axis 9 – Oxidative stress Axis 21 – Microcirculation Axis 23 – Hemodynamic balance Axis 24 – Tissue repair Axis 26 – Stem cell / hematopoiesis Axis 28 – Muscle protein turnover Axis 29 – Bone remodeling 
S-00-58,TSPI-LIVER-REGEN-058,HEPA-3 Capsule,HEPA-3 Capsule,A1;A6;A8;A9;A15;A21;A24;A35,A1;A5;A6;A8;A9;A13;A15;A21;A24;A35;A36,,A1;A5;A6;A8;A9;A13;A15;A21;A24;A35;A36,PARTIAL,,A5;A13;A36,A1;A5;A6;A8;A9;A13;A15;A21;A24;A35;A36,3,2-4 capsules (500 mg) 3-4 times daily before meals.,,,"This formula involves several TSPI axes: Axis 1 — Systemic inflammation, Axis 6 — Lipid metabolism, Axis 8 — Mitochondrial network, Axis 9 — Oxidative stress regulation, Axis 15 — Detoxification, Axis 21 — Microcirculation, Axis 24 — Tissue repair, and Axis 35 — Organ resilience (liver)."
S-00-59,TSPI-NEURO-SLEEP-059,Sangvichai,Sangvichai,A1;A8;A9;A10;A13;A17;A21;A24;A34;A36;A39,A1;A8;A9;A10;A12;A13;A14;A17;A21;A22;A23;A24;A33;A34;A35;A36;A39,,A1;A8;A9;A10;A12;A13;A14;A17;A21;A22;A23;A24;A33;A34;A35;A36;A39,PARTIAL,,A12;A14;A22;A23;A33;A35,A1;A8;A9;A10;A12;A13;A14;A17;A21;A22;A23;A24;A33;A34;A35;A36;A39,2,,,,Axis 1 – systemic inflammation Axis 8 – mitochondrial network Axis 9 – oxidative stress regulation Axis 10 – proteostasis Axis 13 – longevity signaling Axis 17 – microbiome ecology Axis 21 – microcirculation Axis 24 – tissue repair Axis 34 – neuro-sleep-stress axis Axis 36 – neurodegeneration / onco
S-00-60,TSPI-OXY-LIVER-DETOX-060,Livoxy Capsule,Livoxy Capsule,A1;A9;A15;A21;A22;A23;A25;A36,A1;A9;A15;A21;A22;A23;A25;A36,,A1;A9;A15;A21;A22;A23;A25;A36,AGREE,,,A1;A9;A15;A21;A22;A23;A25;A36,1,2-4 capsules (500 mg) 3-4 times daily before meals.,,,Axis 1 — Systemic inflammation Axis 9 — Oxidative stress regulation Axis 15 — Detoxification system Axis 21 — Endothelial protection Axis 22 — Microcirculation Axis 23 — Hemodynamics Axis 25 — Tissue regeneration Axis 36 — Oncology
S-00-60 (Next Sequence),TSPI-MUSCLE-BONE-REGEN-061,Bonax Capsule,Bonax Capsule,A1;A9;A21;A25;A28;A29;A30;A36,A29,,A29,PARTIAL,A1;A9;A21;A25;A28;A30;A36,,A1;A9;A21;A25;A28;A29;A30;A36,1,2-4 capsules 2-3 times daily.,,,Axis 1 — Systemic inflammation Axis 9 — Oxidative stress Axis 21 — Endothelial function Axis 25 — Tissue repair Axis 28 — Muscle metabolism Axis 29 — Bone remodeling Axis 30 — Connective tissue Axis 36 — Anti-inflammatory system
S-00-61,TSPI-WOUND-IMMUNE-061,Rizzo Capsule,Rizzo Capsule,A1;A4;A9;A12;A18;A22;A35;A36,A1;A4;A9;A12;A18;A22;A35;A36,,A1;A4;A9;A12;A18;A22;A35;A36,AGREE,,,A1;A4;A9;A12;A18;A22;A35;A36,2,2–4 capsules 2–3 times daily.,,,Axis 1 — Inflammation                                          Axis 4 — Infection control                                        Axis 9 — Oxidative stress                                          Axis 12 — Immune modulation                              Axis 18 — Tissue repair                        
S-00-52,S-00-52,BETA 5 Capsule,BETA 5 Capsule,A36,A36,,A36,AGREE,,,A36,2,2–4 capsules 2–3 times daily.,,,Axis 36: Oncology
S-00-47,TSPI-TOXIN-INFLAM-TME-IM7,IM-7 Detox & Anti-Inflammatory Capsule,IM-7 Detox & Anti-Inflammatory Capsule,A1;A2;A9;A15;A22;A24;A25;A34;A36,A1;A2;A9;A15;A22;A24;A25;A34;A36,,A1;A2;A9;A15;A22;A24;A25;A34;A36,AGREE,,,A1;A2;A9;A15;A22;A24;A25;A34;A36,1,2–4 capsules 2–3 times daily before meals.,"IM-7 works through three main mechanisms: detoxification (+anti-inflammatory), regulating the tissue microenvironment, and modulating the im",,Axis 1: Inflammation Axis 2: Immune system Axis 9: Oxidative stress Axis 15: Detoxification Axis 22: Blood / clot balance Axis 24: Wound healing Axis 25: Tissue remodeling Axis 34: Neuro calming Axis 36: Cancer / TME
S-00-47,TSPI-TOXIN-INFLAM-TME-IM7,IM-7 Detox & Anti-Inflammatory Capsule,IM-7 Detox & Anti-Inflammatory Capsule,A1;A2;A9;A15;A22;A24;A25;A34;A36,A1;A2;A9;A15;A22;A24;A25;A34;A36,,A1;A2;A9;A15;A22;A24;A25;A34;A36,AGREE,,,A1;A2;A9;A15;A22;A24;A25;A34;A36,1,2–4 capsules 2–3 times daily before meals.,"IM-7 works through three main mechanisms: detoxification (+anti-inflammatory), regulating the tissue microenvironment, and modulating the im",,Axis 1: Inflammation Axis 2: Immune system Axis 9: Oxidative stress Axis 15: Detoxification Axis 22: Blood / clot balance Axis 24: Wound healing Axis 25: Tissue remodeling Axis 34: Neuro calming Axis 36: Cancer / TME
S-00-48,TSPI-GYNO-HORMONE-CIRC-048,ANGERA Hormonal Balance Capsule,ANGERA Hormonal Balance Capsule,A3;A9;A21;A22;A24;A27;A31;A35,A3;A9;A21;A22;A24;A27;A31;A35,,A3;A9;A21;A22;A24;A27;A31;A35,AGREE,,,A3;A9;A21;A22;A24;A27;A31;A35,1,2–4 capsules 2–3 times daily before meals.,,,Axis 3: Hormone balance Axis 21: Endothelial function Axis 22: Blood circulation Axis 24: Tissue repair Axis 27: Gynecology system Axis 9: Oxidative stress                                                     Axis 31: Female Hormone                              Axis 35: Organ Resilience & Functional 
BUMINMAX PLUS,TSPI-REGEN-PEPTIDE-CORE,Buminmax Plus Bioactive Peptide Capsule,Buminmax Plus Bioactive Peptide Capsule,A7;A8;A9;A10;A11;A13;A14;A24;A25;A26;A27;A28;A29;A30;A35;A36,,,,XLSX_ONLY(no md),A7;A8;A9;A10;A11;A13;A14;A24;A25;A26;A27;A28;A29;A30;A35;A36,,A7;A8;A9;A10;A11;A13;A14;A24;A25;A26;A27;A28;A29;A30;A35;A36,0,Take 1-2 capsules 2-3 times daily on an empty stomach or before meals.,,,Axis 7: AMPK–mTOR (protein synthesis ↑) Axis 8: Mitochondrial biogenesis ↑ Axis 9: Oxidative stress ↓ Axis 10: Autophagy balance ↑ Domain 3 – Longevity Axis 11: DNA repair support Axis 13: IGF / anabolic signaling balance Axis 14: Senescence reduction Domain 6 – Repair / Regeneration Axis 24: Wound 
RIZZO-096,TSPI-RIZZO-VASCULAR-GUT-ONCO-096,Astringent–Vascular Repair–Gut Barrier–Anti-inflammatory Formula,Astringent–Vascular Repair–Gut Barrier–Anti-inflammatory Formula,A1;A2;A3;A4;A5;A6;A7;A8;A9;A10;A11;A12;A13;A14;A15;A16;A17;A18;A19;A20;A21;A22;A23;A24;A25;A26;A27;A28;A29;A30;A31;A32;A33;A34;A35;A36,A1;A2;A3;A4;A5;A6;A7;A8;A9;A10;A11;A12;A13;A14;A15;A16;A17;A18;A19;A20;A21;A22;A23;A24;A25;A26;A27;A28;A29;A30;A31;A32;A33;A34;A35;A36,,A1;A2;A3;A4;A5;A6;A7;A8;A9;A10;A11;A12;A13;A14;A15;A16;A17;A18;A19;A20;A21;A22;A23;A24;A25;A26;A27;A28;A29;A30;A31;A32;A33;A34;A35;A36,AGREE,,,A1;A2;A3;A4;A5;A6;A7;A8;A9;A10;A11;A12;A13;A14;A15;A16;A17;A18;A19;A20;A21;A22;A23;A24;A25;A26;A27;A28;A29;A30;A31;A32;A33;A34;A35;A36,1,,,,"Axis 1: ↓ IL-6, TNF-α Axis 2: immune balance Axis 3: antimicrobial barrier Axis 4: reduce chronic inflammation DOMAIN 2: Metabolic (5–10) Axis 5: reduce glucose fluctuation Axis 6: reduce lipotoxicity Axis 7: AMPK activation Axis 8: mitochondrial protection Axis 9: ↓ ROS Axis 10: ↑ autophagy DOMAIN "
CURMINA-097,TSPI-CURMINA-DIGESTIVE-ANTIINFLAM-097,Digestive–Anti-inflammatory–Mucosal Repair Formula,Digestive–Anti-inflammatory–Mucosal Repair Formula,A20;A21;A22;A23;A24;A25;A26;A27;A28;A29;A30;A31;A32;A33;A34;A35;A36,A20;A21;A22;A23;A24;A25;A26;A27;A28;A29;A30;A31;A32;A33;A34;A35;A36,,A20;A21;A22;A23;A24;A25;A26;A27;A28;A29;A30;A31;A32;A33;A34;A35;A36,AGREE,,,A20;A21;A22;A23;A24;A25;A26;A27;A28;A29;A30;A31;A32;A33;A34;A35;A36,1,,,,DOMAIN 5: Vascular (20–23) Axis 20: endothelial inflammation ↓ Axis 21: perfusion ↑ Axis 22: coagulation balance Axis 23: vascular elasticity ↑ DOMAIN 6: Repair (24–27) Axis 24: wound healing ↑ Axis 25: fibrosis ↓ Axis 26: regeneration ↑ Axis 27: AGE ↓ DOMAIN 7: Musculoskeletal (28–30) Axis 28: prot
S-00-55,BETA G / 12-1-05-555-5-0-098,BETA G,BETA G,A1;A2;A3;A4;A18;A24;A34;A35;A36,A1;A2;A3;A4;A5;A6;A7;A8;A9;A10;A11;A12;A13;A14;A18;A24;A25;A26;A27;A34;A35;A36,,A1;A2;A3;A4;A5;A6;A7;A8;A9;A10;A11;A12;A13;A14;A18;A24;A25;A26;A27;A34;A35;A36,PARTIAL,,A5;A6;A7;A8;A9;A10;A11;A12;A13;A14;A25;A26;A27,A1;A2;A3;A4;A5;A6;A7;A8;A9;A10;A11;A12;A13;A14;A18;A24;A25;A26;A27;A34;A35;A36,2,"2–4 capsules per dose, 2–3 times daily, after meals or as needed.","There are many immune-active herbs, including garlic and licorice, which may require caution in some individuals. Caution should be exercise",,Axis 1 — Systemic inflammatory load Axis 2 — Immune homeostasis Axis 3 — Pathogen defense Axis 4 — Post-infectious persistence / dysregulated recovery Axis 18 — Gut barrier & mucosal integrity Axis 24 — Wound healing (internal + external) Axis 34 — Neuro-sleep-stress-brain inflammation Axis 35 — Org
S-00-53,TSPI-RIZZ-096,Vascular repair formula,Vascular repair formula,A2;A20;A21;A22;A24;A25;A30;A36,A2;A20;A21;A22;A24;A25;A30;A36,,A2;A20;A21;A22;A24;A25;A30;A36,AGREE,,,A2;A20;A21;A22;A24;A25;A30;A36,1,"500 mg/capsule, 2–4 capsules/dose, 2–3 times daily.",Score: 3/10 Caution: Anticoagulants (NSAIDs),,"Reduce cytokine storm → Reduce chronic inflammation baseline. Axis 2 — Immune Homeostasis: Adjust M1/M2 macrophage balance. Axis 20 — Endothelial Function: Reduce endothelial dysfunction → Reduce vascular leakage. Axis 21 — Microcirculation: Increase capillary perfusion, reduce venous congestion. Ax"
S-00-03,TSPI-GARLICA-004,Allium sativum (garlic),Allium sativum (garlic),A1;A9;A16;A20;A21;A22;A31;A36,A1;A9;A16;A20;A21;A22;A31;A36,,A1;A9;A16;A20;A21;A22;A31;A36,AGREE,,,A1;A9;A16;A20;A21;A22;A31;A36,1,500 mg 2–3 times daily.,Risk Score 5/10,,Axis 1: Systemic inflammation ↓ Axis 9: Oxidative stress ↓ Axis 20: Endothelial function ↑ Axis 21: Microcirculation ↑ Axis 22: Thrombosis control ↓ Axis 16: Liver detox ↑ Axis 31: Immune modulation Axis 36: Tumor microenvironment
S-00-02,TSPI-RICEZOZYME-CORE,Bio Active Crystallization Technology (TSPI Patent Platform),Bio Active Crystallization Technology (TSPI Patent Platform),A1;A9;A10;A11;A17;A18;A19;A28;A29;A33,A1;A9;A10;A11;A17;A18;A19;A28;A29;A33,,A1;A9;A10;A11;A17;A18;A19;A28;A29;A33,AGREE,,,A1;A9;A10;A11;A17;A18;A19;A28;A29;A33,1,"1–2 capsules, 2–3 times daily, after meals.",Risk Score 1/10 (Very Low),,Axis 17: Digestive function Axis 18: Microbiome ecology Axis 19: Gut barrier integrity Axis 1: Systemic inflammation ↓ Axis 9: Oxidative stress ↓ Axis 10: Mitochondrial function ↑ Axis 11: Metabolic regulation Axis 28: Muscle recovery Axis 29: Bone support Axis 33: HPA axis ↓ stress
S-00-05,TSPI-GARCINIA-META,Garcinia atroviridis / Garcinia cambogia,Garcinia atroviridis / Garcinia cambogia,A1;A9;A11;A12;A17;A18;A33,A1;A9;A11;A12;A17;A18;A33,,A1;A9;A11;A12;A17;A18;A33,AGREE,,,A1;A9;A11;A12;A17;A18;A33,1,500–1000 mg 2–3 times daily before meals.,2/10 (low),,Axis 11: Metabolic regulation Axis 12: Lipid metabolism Axis 1: Systemic inflammation ↓ Axis 9: Oxidative stress ↓ Axis 18: Microbiome ecology Axis 17: Digestive function Axis 33: HPA axis ↓ stress
S-00-06,TSPI-BRANARA-NEURO-ENDO-006,– TSPI NEURO–ENDOCRINE MASTER MODULE (Reconstructed,– TSPI NEURO–ENDOCRINE MASTER MODULE (Reconstructed,A1;A9;A18;A20;A21;A22;A33;A34;A36,A1;A9;A18;A20;A21;A22;A33;A34;A36,,A1;A9;A18;A20;A21;A22;A33;A34;A36,AGREE,,,A1;A9;A18;A20;A21;A22;A33;A34;A36,1,"1–2 capsules, 2–3 times daily.",4/10 Caution: Contains sedatives and antihypertensive drugs.,,Axis 34 — Neuroinflammation/Brain axis: Reduces inflammation in the brain. Axis 21 — Brain circulation: Increases blood flow in the brain. Axis 20 — Endothelial function: Restores blood vessels. Axis 22 — Thrombosis control: Reduces stroke risk. Axis 1 — Systemic inflammation: Reduces cytokines. Axi
12-1-05 555-5-0 056,,TOPAZ – Vascular–Prostate Modulation Formula,TOPAZ – Vascular–Prostate Modulation Formula,A1;A9;A20;A21;A22;A23;A32;A34;A35;A36,,,,XLSX_ONLY(no md),A1;A9;A20;A21;A22;A23;A32;A34;A35;A36,,A1;A9;A20;A21;A22;A23;A32;A34;A35;A36,0,,,,Axis 20: Endothelial function Axis 21: Microcirculation Axis 22: Thrombosis Axis 23: Vascular elasticity Axis 32: Androgen axis Axis 9: Oxidative stress Axis 1: NF-kB inflammation Axis 36: Oncology Axis 35: Organ reserve Axis 34: Neurovascular
HEPA 1,Phase 1–3 Detox Platform,TSPI MASTER LIVER DETOX & REGENERATION FORMULA,TSPI MASTER LIVER DETOX & REGENERATION FORMULA,A5;A6;A9;A10;A11;A15;A20;A24;A35;A36,,,,XLSX_ONLY(no md),A5;A6;A9;A10;A11;A15;A20;A24;A35;A36,,A5;A6;A9;A10;A11;A15;A20;A24;A35;A36,0,,,,Axis 15: Detoxification & Cellular Defense            Axis 10: Proteostasis–Autophagy–Lysosome    Axis 9: Oxidative Stress                                Axis 6: Lipid–Lipotoxicity                                Axis 36: Oncology                                                Axis 24–25: Fibrosis / 
HEPA 3,,Advanced Liver Protocol,Advanced Liver Protocol,A2;A5;A6;A9;A10;A15;A24;A25;A35;A36,,,,XLSX_ONLY(no md),A2;A5;A6;A9;A10;A15;A24;A25;A35;A36,,A2;A5;A6;A9;A10;A15;A24;A25;A35;A36,0,,,,Axis 15: Detoxification Axis 10: Autophagy–Proteostasis Axis 25: Fibrosis Axis 36: Oncology Axis 9: Oxidative stress Axis 6: Lipotoxicity Axis 5: Metabolic (glucose/liver) Axis 2: Immune balance Axis 24: Regeneration Axis 35: Organ Resilience & Functional Reserve (Organ Meta‑Axis)                   
HEPA2,,Hepatic Detox & Fluid Clearance System,Hepatic Detox & Fluid Clearance System,A1;A2;A4;A6;A7;A9;A10;A15;A17;A18;A23;A25;A35;A36,A1;A2;A4;A6;A7;A9;A10;A15;A17;A18;A23;A25;A35;A36,,A1;A2;A4;A6;A7;A9;A10;A15;A17;A18;A23;A25;A35;A36,AGREE,,,A1;A2;A4;A6;A7;A9;A10;A15;A17;A18;A23;A25;A35;A36,1,,,,Axis 1: Systemic inflammation ↓ Axis 2: Immune homeostasis Axis 4: Chronic inflammation reset Domain 2 (Metabolic) Axis 6: Lipotoxicity ↓ (fatty liver) Axis 7: AMPK activation Axis 9: Oxidative stress ↓ Axis 10: Autophagy ↑ Domain 4 (Detox–Gut) Axis 15: Detoxification ↑ Axis 17: Microbiome support A
KD,,KD (Kidney Defense & Regeneration System),KD (Kidney Defense & Regeneration System),A1;A2;A9;A10;A15;A20;A23;A25;A26;A35,A1;A2;A9;A10;A15;A20;A23;A25;A26;A35,,A1;A2;A9;A10;A15;A20;A23;A25;A26;A35,AGREE,,,A1;A2;A9;A10;A15;A20;A23;A25;A26;A35,1,,,,Domain 1 (Immune) Axis 1: Reduce systemic inflammation Axis 2: immune balance Domain 2 (Metabolic) Axis 9: oxidative stress ↓ Axis 10: autophagy ↑ Domain 4 (Detox) Axis 15: toxin clearance Domain 5 (Circulation) Axis 20: endothelial function Axis 23: hemodynamics Domain 6 (Repair) Axis 25: fibrosis 
BONAX,,Bone Anabolic & Anti-Resorption System,Bone Anabolic & Anti-Resorption System,A6;A7;A11;A17;A18;A25;A26;A27;A28;A29;A30,A6;A7;A11;A17;A18;A25;A26;A27;A28;A29;A30,,A6;A7;A11;A17;A18;A25;A26;A27;A28;A29;A30,AGREE,,,A6;A7;A11;A17;A18;A25;A26;A27;A28;A29;A30,1,,,,Domain 2 Axis 6: Lipid–inflammation (reduces lipotoxicity in bone marrow) Axis 7: AMPK–mTOR (bone anabolic signaling) Domain 3 Axis 11: DNA repair (osteocyte survival) Domain 4 Axis 17: Microbiome ecology Axis 18: Gut absorption Domain 6 Axis 25: ECM remodeling Axis 26: Stem cell regeneration Axis 2
Beta L,,(Lymphatic–Liver–Lung Detox System),(Lymphatic–Liver–Lung Detox System),A1;A2;A3;A15;A17;A18;A20;A34;A36,,,,XLSX_ONLY(no md),A1;A2;A3;A15;A17;A18;A20;A34;A36,,A1;A2;A3;A15;A17;A18;A20;A34;A36,0,,,,Domain 1 Axis 1: Inflammation Axis 2: Immune balance Axis 3: Host defense Domain 4 Axis 15: Detoxification Axis 17: Microbiome Axis 18: Gut barrier Domain 5 Axis 20: Endothelial inflammation Domain 10 Axis 36: Oncology Domain 9 Axis 34: Neuro–immune                    AXIS 38 Protein Clearance & Pro
BL-021,TSPI-BETAL-021,Beta L Capsule,Beta L Capsule,A1;A3;A9;A15;A17;A20;A36,A1;A3;A9;A15;A17;A20;A36,,A1;A3;A9;A15;A17;A20;A36,AGREE,,,A1;A3;A9;A15;A17;A20;A36,2,2–4 capsules (500 mg) 2–3 times daily before meals.,,,Axis 1: Systemic Inflammation Axis 3: Mucosal Immunity Axis 9: Oxidative Stress Axis 15: Detoxification Axis 17: Microbiome Axis 20: Endothelial Function Axis 36: Oncology
XM2-024,TSPI-XM2-024,XM-2 Capsule,XM-2 Capsule,A1;A3;A4;A9;A18;A24;A36,A1;A3;A4;A5;A7;A9;A18;A23;A24;A36,,A1;A3;A4;A5;A7;A9;A18;A23;A24;A36,PARTIAL,,A5;A7;A23,A1;A3;A4;A5;A7;A9;A18;A23;A24;A36,2,2–4 capsules (500 mg) 2–3 times daily before meals.,,,Axis 1: Systemic inflammation Axis 3: Host defense Axis 4: Chronic infection Axis 9: Oxidative stress Axis 18: Barrier integrity (skin) Axis 24: Wound healing Axis 36: Oncology
1,GastroReg-01,WATTA NOTHAI Capsule,WATTA NOTHAI Capsule,A1;A17;A18;A19,A1;A9;A16;A17;A18;A19;A21;A27,,A1;A9;A16;A17;A18;A19;A21;A27,PARTIAL,,A9;A16;A21;A27,A1;A9;A16;A17;A18;A19;A21;A27,2,,,,Axis 17 Digestive-Absorptive Function Axis 18 Microbiome Ecology Axis 19 Gut Barrier Integrity Axis 1 Inflammatory Load
2,VasoBalance-02,Yhateenok Capsule,Yhateenok Capsule,A9;A21;A22;A23,A9;A21;A22;A23,,A9;A21;A22;A23,AGREE,,,A9;A21;A22;A23,1,,,,Axis 21 Endothelial Function Axis 22 Microcirculation Axis 23 Thrombosis-Hemostasis Axis 9 Oxidative Stress
3,GastroShield-03,Stomma Capsule,STOMMA CAPSULE,A1;A9;A17;A19,A1;A9;A16;A17;A18;A19,A1,A1;A9;A16;A17;A18;A19,PARTIAL,,A16;A18,A1;A9;A16;A17;A18;A19,4,,,,Axis 17 Digestive Function Axis 19 Gut Barrier Integrity Axis 9 Oxidative Stress Axis 1 Inflammation
4,HemorrhoGuard-04,RID-SI Capsule,RID-SI CAPSULE,A1;A21;A25;A26,A1;A9;A21;A22;A24;A25;A26;A31,A25,A1;A9;A21;A22;A24;A25;A26;A31,PARTIAL,,A9;A22;A24;A31,A1;A9;A21;A22;A24;A25;A26;A31,5,,,,Axis 25 Wound Healing Axis 26 ECM Remodeling Axis 21 Endothelial Function Axis 1 Inflammation
5,DigestFlow-05,B-LAX Capsule,B-LAX CAPSULE,A16;A17;A20,A16;A17;A18;A20;A22;A33;A35,A16,A16;A17;A18;A20;A22;A33;A35,PARTIAL,,A18;A22;A33;A35,A16;A17;A18;A20;A22;A33;A35,4,,,,Axis 17 Digestive System Axis 20 Colon Biofilm Burden Axis 16 Detoxification
6,HematoNourish-06,Nourishing Blood Capsule,Nourishing Blood Tonic Capsule,A21;A22;A28,A1;A9;A21;A22;A25;A27;A28;A31,A14;A21,A1;A9;A14;A21;A22;A25;A27;A28;A31,PARTIAL,,A1;A9;A14;A25;A27;A31,A1;A9;A14;A21;A22;A25;A27;A28;A31,5,,,,Axis 28 Hematopoiesis Axis 22 Microcirculation Axis 21 Endothelial Function
7,DetoxColon-07,Catharic Capsule,Catharic Capsule,A16;A18;A20,A16;A18;A20,,A16;A18;A20,AGREE,,,A16;A18;A20,1,,,,Axis 20 Colon Biofilm Axis 16 Detoxification Axis 18 Microbiome
8,VentraMotion-08,YA VENTA Capsule,Ya Venta Capsule,A9;A29;A31,A1;A9;A17;A21;A22;A25;A29;A31;A33,A18,A1;A9;A17;A18;A21;A22;A25;A29;A31;A33,PARTIAL,,A1;A17;A18;A21;A22;A25;A33,A1;A9;A17;A18;A21;A22;A25;A29;A31;A33,4,,,,Axis 29 Muscle Protein Turnover Axis 31 Connective Tissue Integrity Axis 9 Oxidative Stress
9,ViralDefense-09,FEVA Capsule,FEVA CAPSULE,A1;A2;A3,A1;A2;A3;A9;A31;A32,,A1;A2;A3;A9;A31;A32,PARTIAL,,A9;A31;A32,A1;A2;A3;A9;A31;A32,2,,,,Axis 3 Pathogen Defense Axis 2 Immune Homeostasis Axis 1 Inflammation
10,NeuroCalm-10,BOVA Capsule,BOVA Capsule,A9;A32;A35,A9;A21;A22;A32;A33;A34;A35;A39,,A9;A21;A22;A32;A33;A34;A35;A39,PARTIAL,,A21;A22;A33;A34;A39,A9;A21;A22;A32;A33;A34;A35;A39,2,,,,Axis 35 Neuro-Sleep-Brain Axis 32 Hormonal Regulation Axis 9 Oxidative Stress
11,Digestive Transit & Liver-Gut Support Module,CINNARA BRAND CAPSULE,CINNARA Capsule,A1;A16;A17;A18;A35,A2;A4;A9;A16;A17;A18;A25;A33,A1;A5;A18;A35,A1;A2;A4;A5;A9;A16;A17;A18;A25;A33;A35,PARTIAL,,A2;A4;A5;A9;A25;A33,A1;A2;A4;A5;A9;A16;A17;A18;A25;A33;A35,4,,,,Axis 17 Digestive–Absorptive Axis Axis 16 Detoxification Axis Secondary Axes Axis 18 Microbiome Ecology Axis Axis 35 Neuro-Sleep-Brain Clearance Axis Axis 1 Systemic Inflammatory Load Axis
12,Dermal-Immune Restoration Module,MERDANA CAPSULE,Merdana Capsule,A1;A2;A3;A25;A31;A35,A1;A2;A3;A9;A17;A18;A21;A24;A25;A36;A39,A1;A3;A31;A35,A1;A2;A3;A9;A17;A18;A21;A24;A25;A31;A35;A36;A39,PARTIAL,,A9;A17;A18;A21;A24;A36;A39,A1;A2;A3;A9;A17;A18;A21;A24;A25;A31;A35;A36;A39,2,,,,Primary Axes Axis 2 Immune Homeostasis Axis Axis 25 Wound Healing & Tissue Repair Axis Secondary Axes Axis 1 Systemic Inflammatory Load Axis Axis 3 Pathogen Defense Axis Axis 31 Connective Tissue Integrity Axis Axis 35 Neuro-Immune stress interface (supportive)
13,Musculo-Digestive Circulation Module,YA TARANA CAPSULE,Tarana Capsule,A1;A16;A17;A21;A29;A31,A1;A9;A17;A21;A22;A24;A25;A29;A30,A1;A16;A21;A31,A1;A9;A16;A17;A21;A22;A24;A25;A29;A30;A31,PARTIAL,,A9;A22;A24;A25;A30,A1;A9;A16;A17;A21;A22;A24;A25;A29;A30;A31,2,,,,Axis 29 Muscle Protein Turnover Axis Axis 17 Digestive–Absorptive Axis Secondary Axes Axis 21 Endothelial / circulation support Axis 31 Connective Tissue Integrity Axis Axis 1 Systemic Inflammatory Load Axis Axis 16 Detoxification Axis
14,KS Systemic Reset Module,YA KS CAPSULE,KS,A1;A5;A16;A17;A18;A19,A1;A2;A3;A4;A5;A6;A7;A8;A9;A10;A11;A12;A13;A14;A15;A16;A17;A18;A19;A20;A21;A22;A23;A24;A25;A26;A27;A30;A35;A36;A38;A39,A1;A5;A16;A19,A1;A2;A3;A4;A5;A6;A7;A8;A9;A10;A11;A12;A13;A14;A15;A16;A17;A18;A19;A20;A21;A22;A23;A24;A25;A26;A27;A30;A35;A36;A38;A39,PARTIAL,,A2;A3;A4;A6;A7;A8;A9;A10;A11;A12;A13;A14;A15;A20;A21;A22;A23;A24;A25;A26;A27;A30;A35;A36;A38;A39,A1;A2;A3;A4;A5;A6;A7;A8;A9;A10;A11;A12;A13;A14;A15;A16;A17;A18;A19;A20;A21;A22;A23;A24;A25;A26;A27;A30;A35;A36;A38;A39,5,,,,Primary Axes Axis 17 Digestive–Absorptive Axis Axis 18 Microbiome Ecology Axis Secondary Axes Axis 19 Gut Barrier Axis Axis 1 Systemic Inflammatory Load Axis Axis 16 Detoxification Axis Axis 5 Glucose–Insulin Regulation Axis (supportive metabolic effect)
15,Lymphatic-Inflammatory Drainage Module,MINOZA CAPSULE,Minoza,A1;A2;A16;A21;A25;A36,A1;A2;A3;A4;A5;A6;A7;A8;A9;A10;A11;A12;A13;A14;A15;A16;A17;A18;A20;A21;A22;A23;A24;A25;A26;A27;A30;A33;A35;A36;A39,A2;A16;A21;A36,A1;A2;A3;A4;A5;A6;A7;A8;A9;A10;A11;A12;A13;A14;A15;A16;A17;A18;A20;A21;A22;A23;A24;A25;A26;A27;A30;A33;A35;A36;A39,PARTIAL,,A3;A4;A5;A6;A7;A8;A9;A10;A11;A12;A13;A14;A15;A17;A18;A20;A22;A23;A24;A26;A27;A30;A33;A35;A39,A1;A2;A3;A4;A5;A6;A7;A8;A9;A10;A11;A12;A13;A14;A15;A16;A17;A18;A20;A21;A22;A23;A24;A25;A26;A27;A30;A33;A35;A36;A39,4,,,,Axis 1 Systemic Inflammatory Load Axis Axis 25 Wound Healing & Tissue Repair Axis Secondary Axes Axis 2 Immune Homeostasis Axis Axis 16 Detoxification Axis Axis 21 Microcirculation / vascular fluid burden support Axis 36 Oncology Control Axis (supportive)
16,Kerra Immune-Oncology Regulatory Module,KERRA CAPSULE,KERRA CAPSULE,A1;A2;A3;A9;A19;A36;A39,A1;A2,A3;A9;A19;A36;A39,A1;A2;A3;A9;A19;A36;A39,AGREE,,,A1;A2;A3;A9;A19;A36;A39,1,,,,Axis 2 Immune Homeostasis Axis Axis 1 Systemic Inflammatory Load Axis Secondary Axes Axis 3 Pathogen Defense Axis Axis 9 Oxidative Stress Axis Axis 19 Gut Barrier / microbiome-immune linkage Axis 36 Oncology Control Axis             AXIS 37 Protein Quality Control System Axis  AXIS 38 Protein Cleara
17,Ho-Ren Yin Restorative Elixir Module,HO REN YIN MIXTURE,HO REN YIN MIXTURE,A2;A14;A28;A29;A30;A34;A35,A1;A4;A5;A8;A9;A11;A13;A14;A18;A21;A22;A23;A24;A26;A27;A28;A29;A31;A32;A33;A34;A35,A2;A28;A29;A30;A34;A35,A1;A2;A4;A5;A8;A9;A11;A13;A14;A18;A21;A22;A23;A24;A26;A27;A28;A29;A30;A31;A32;A33;A34;A35,PARTIAL,,A1;A4;A5;A8;A9;A11;A13;A18;A21;A22;A23;A24;A26;A27;A31;A32;A33,A1;A2;A4;A5;A8;A9;A11;A13;A14;A18;A21;A22;A23;A24;A26;A27;A28;A29;A30;A31;A32;A33;A34;A35,5,,,,Axis 14 Longevity Signaling Axis Axis 28 Stem Cell & Regenerative Reserve Axis Secondary Axes Axis 34 Thyroid-Adrenal-Growth Axis Axis 29 Muscle Protein Turnover Axis Axis 30 Bone Remodeling Axis Axis 2 Immune Homeostasis Axis Axis 35 Neuro-Sleep-Brain recovery axis
18,Anax Rejuvenative Movement Module,ANAX MIXTURE,ANAX MIXTURE,A1;A17;A21;A29;A31;A34,A1;A7;A13;A17;A29,A1;A14;A21;A31;A34,A1;A7;A13;A14;A17;A21;A29;A31;A34,PARTIAL,,A7;A13;A14,A1;A7;A13;A14;A17;A21;A29;A31;A34,3,,,,Axis 29 Muscle Protein Turnover Axis Axis 17 Digestive–Absorptive Axis Secondary Axes Axis 21 Endothelial / circulation support Axis 31 Connective Tissue Integrity Axis Axis 34 Thyroid-Adrenal-Growth Axis Axis 1 Systemic Inflammatory Load Axis
19,Imperial Vital Reserve Module,Deer Velvet Antler Elixir,Deer Velvet Antler Elixir,A2;A14;A28;A29;A30;A34,A14;A28,A2;A29;A30;A34,A2;A14;A28;A29;A30;A34,AGREE,,,A2;A14;A28;A29;A30;A34,1,,,,Axis 14 Longevity Signaling Axis Axis 28 Stem Cell & Regenerative Reserve Axis Secondary Axes Axis 34 Thyroid-Adrenal-Growth Axis Axis 2 Immune Homeostasis Axis Axis 29 Muscle Protein Turnover Axis Axis 30 Bone Remodeling Axis
20,AM-PUR Endocrine-Rejuvenation Module,AM-PUR,AM-PUR MIXTURE,A2;A14;A21;A29;A30;A33;A34,A5;A7;A8;A9;A11;A14;A15;A18;A21;A23;A24;A26;A28;A29;A31;A32;A33;A35,A2;A8;A21;A29;A30;A34,A2;A5;A7;A8;A9;A11;A14;A15;A18;A21;A23;A24;A26;A28;A29;A30;A31;A32;A33;A34;A35,PARTIAL,,A5;A7;A8;A9;A11;A15;A18;A23;A24;A26;A28;A31;A32;A35,A2;A5;A7;A8;A9;A11;A14;A15;A18;A21;A23;A24;A26;A28;A29;A30;A31;A32;A33;A34;A35,5,,,,Axis 33 Male Androgen Axis / sexual vitality context Axis 14 Longevity Signaling Axis Secondary Axes Axis 34 Thyroid-Adrenal-Growth Axis Axis 29 Muscle Protein Turnover Axis Axis 30 Bone Remodeling Axis Axis 21 Endothelial Function Axis Axis 2 Immune Homeostasis Axis
21,Anti-Inflammatory Joint & Circulation Module,KIMLUY BRAND YELLOW OIL,KIMLUY BRAND YELLOW OIL,A1;A21;A29;A31,A5;A20;A23;A29;A31,A21,A5;A20;A21;A23;A29;A31,PARTIAL,A1,A5;A20;A23,A1;A5;A20;A21;A23;A29;A31,2,,,,Axis 29 Muscle Function Axis 31 Connective Tissue Secondary Axis 1 Inflammation Axis 21 Endothelial circulation
22,Bone Mineralization Support Module,REDCAL,REDCAL,A21;A29;A30,A3;A22;A24;A25;A29;A30;A34,A24;A29,A3;A22;A24;A25;A29;A30;A34,PARTIAL,A21,A3;A22;A24;A25;A34,A3;A21;A22;A24;A25;A29;A30;A34,6,,,,Axis 30 Bone Remodeling Secondary Axis 21 Vascular mineral transport Axis 29 Muscle-bone interface
23,Beta-Glucan Immune Activation Module,IM-1 BETAGLUCAN,IM-1 BETAGLUCAN,A1;A2;A3;A36,,,,XLSX_ONLY(no md),A1;A2;A3;A36,,A1;A2;A3;A36,0,,,,Axis 2 Immune Homeostasis Secondary Axis 3 Pathogen defense Axis 36 Oncology control Axis 1 Inflammation
24,Cordyceps Energy & Circulation Module,TANGCHOU PLUS SANCHI,TANGCHOU PLUS SANCHI,A7;A14;A21;A29,A5;A6;A7;A10;A14;A20,A21;A29,A5;A6;A7;A10;A14;A20;A21;A29,PARTIAL,,A5;A6;A10;A20,A5;A6;A7;A10;A14;A20;A21;A29,6,,,,Axis 7 Mitochondrial Function Secondary Axis 14 Longevity signaling Axis 21 Endothelial function Axis 29 Muscle energy
25,Respiratory Immune Protection Module,VARIZ,VARIZ,A1;A2;A3;A35,A2;A3;A6;A9;A17;A20;A24,A2;A19;A35,A2;A3;A6;A9;A17;A19;A20;A24;A35,PARTIAL,A1,A6;A9;A17;A19;A20;A24,A1;A2;A3;A6;A9;A17;A19;A20;A24;A35,6,,,,Axis 3 Pathogen defense Secondary Axis 1 Inflammation Axis 2 Immune homeostasis Axis 35 Neuro-immune stress
26,Neuro-Metabolic Vitality Module,EDH,EDH,A9;A14;A16;A35,A1;A3;A5;A6;A9;A13,A14;A16,A1;A3;A5;A6;A9;A13;A14;A16,PARTIAL,A35,A1;A3;A5;A6;A13,A1;A3;A5;A6;A9;A13;A14;A16;A35,4,,,,Axis 9 Oxidative Stress Secondary Axis 35 Neuro brain function Axis 16 Detoxification Axis 14 Longevity
27,Brain Cognitive Circulation Module,BRANARA,BRANARA,A9;A21;A35,A35,A9,A9;A35,PARTIAL,A21,,A9;A21;A35,1,,,,Axis 35 Neuro-Sleep-Brain Secondary Axis 21 Circulation Axis 9 Oxidative stress
28,Garlic Cardiometabolic Module,GARLICA,GARLICA,A5;A9;A18;A21,A3;A8;A20;A21,A9;A18,A3;A8;A9;A18;A20;A21,PARTIAL,A5,A3;A8;A20,A3;A5;A8;A9;A18;A20;A21,2,,,,Axis 21 Endothelial function Secondary Axis 5 Metabolic glucose Axis 18 Microbiome Axis 9 Oxidative stress
29,Microbiome Symbiosis Module,RICEZOZYME,RICEZOZYME,A1;A17;A18;A19,A2;A5;A12;A18,A1;A19,A1;A2;A5;A12;A18;A19,PARTIAL,A17,A2;A5;A12,A1;A2;A5;A12;A17;A18;A19,2,,,,Axis 18 Microbiome ecology Secondary Axis 17 Digestive absorption Axis 19 Gut barrier Axis 1 Inflammation
30,Metabolic Weight Control Module,GARCINIA,GARCINIA,A5;A6;A7;A14,A1;A2;A5;A9;A18;A19;A21;A31,A7;A14,A1;A2;A5;A7;A9;A14;A18;A19;A21;A31,PARTIAL,A6,A1;A2;A9;A18;A19;A21;A31,A1;A2;A5;A6;A7;A9;A14;A18;A19;A21;A31,2,,,,Axis 5 Glucose-Insulin Regulation Secondary Axis 6 Lipid Metabolism Axis 7 Mitochondrial energy Axis 14 Longevity
31,Neuro-Endocrine Vitality Module,HO REN YIN MIXTURE,HO REN YIN MIXTURE,A7;A28;A34;A35,A1;A4;A5;A8;A9;A11;A13;A14;A18;A21;A22;A23;A24;A26;A27;A28;A29;A31;A32;A33;A34;A35,A2;A28;A29;A30;A34;A35,A1;A2;A4;A5;A8;A9;A11;A13;A14;A18;A21;A22;A23;A24;A26;A27;A28;A29;A30;A31;A32;A33;A34;A35,PARTIAL,A7,A1;A2;A4;A5;A8;A9;A11;A13;A14;A18;A21;A22;A23;A24;A26;A27;A29;A30;A31;A32;A33,A1;A2;A4;A5;A7;A8;A9;A11;A13;A14;A18;A21;A22;A23;A24;A26;A27;A28;A29;A30;A31;A32;A33;A34;A35,5,,,,Axis 34 Hormone–Endocrine Axis Secondary Axis 7 Mitochondrial Energy Axis 28 Stem Cell / Hematopoiesis Axis 35 Neuro system
32,Anti-Fatigue Longevity Module,ANAX MIXTURE,ANAX MIXTURE,A7;A14;A29,A1;A7;A13;A17;A29,A1;A14;A21;A31;A34,A1;A7;A13;A14;A17;A21;A29;A31;A34,PARTIAL,,A1;A13;A17;A21;A31;A34,A1;A7;A13;A14;A17;A21;A29;A31;A34,3,,,,Axis 7 Mitochondrial Network Secondary Axis 29 Muscle protein turnover Axis 14 Longevity signaling
33,Neuro-Metabolic Restoration Module,TANGTU NGCHOU PLUS 2,TANGTU NGCHOU PLUS 2,A21;A34;A35,A32;A35,A7;A21,A7;A21;A32;A35,PARTIAL,A34,A7;A32,A7;A21;A32;A34;A35,2,,,,Axis 35 Neuro–Brain Axis Secondary Axis 34 Hormone axis Axis 21 Vascular circulation
34,Digestive Healing Module,KERMA,Kerma,A1;A17;A19,A1;A2;A5;A12;A17,A1,A1;A2;A5;A12;A17,PARTIAL,A19,A2;A5;A12,A1;A2;A5;A12;A17;A19,2,,,,Axis 17 Digestive Absorption Secondary Axis 19 Gut barrier Axis 1 Inflammation
35,Antioxidant Longevity Module,RADICA,RADICA,A9;A12;A14,A3;A4;A9;A18,A14;A15,A3;A4;A9;A14;A15;A18,PARTIAL,A12,A3;A4;A15;A18,A3;A4;A9;A12;A14;A15;A18,3,,,,Axis 9 Oxidative Stress Secondary Axis 12 DNA Repair Axis 14 Longevity signaling
36,Female Hormonal Balance Module,FEMOON,Femoon,A1;A14;A32,A5;A15;A16;A20;A32,A1;A14,A1;A5;A14;A15;A16;A20;A32,PARTIAL,,A5;A15;A16;A20,A1;A5;A14;A15;A16;A20;A32,3,,,,Axis 32 Female Hormone Axis Secondary Axis 1 Inflammation Axis 14 Longevity
37,Cardiovascular Longevity Module,IVORA,IVORA,A6;A21;A23,A5;A8;A11;A20;A21,A6;A23,A5;A6;A8;A11;A20;A21;A23,PARTIAL,,A5;A8;A11;A20,A5;A6;A8;A11;A20;A21;A23,3,,,,Axis 21 Endothelial Function Secondary Axis 23 Thrombosis Axis 6 Lipid metabolism
38,Cellular Detoxification Module,VITACEL,VITACEL,A8;A9;A16,A3;A5;A10;A11;A14;A15;A16;A18,A8,A3;A5;A8;A10;A11;A14;A15;A16;A18,PARTIAL,A9,A3;A5;A10;A11;A14;A15;A18,A3;A5;A8;A9;A10;A11;A14;A15;A16;A18,6,,,,Axis 16 Detoxification Secondary Axis 9 Oxidative stress Axis 8 Mitochondria
39,Immune Antiviral Defense Module,KERMA COMPLEX,KERMA COMPLEX,A2;A3;A36,A3,A36,A3;A36,PARTIAL,A2,,A2;A3;A36,1,,,,Axis 3 Pathogen Defense Secondary Axis 2 Immune homeostasis Axis 36 Oncology support
40,Blood & Energy Restoration Module,NOURISHING BLOOD TONIC,Nourishing Blood Tonic Capsule,A7;A21;A28,A1;A9;A21;A22;A25;A27;A28;A31,A14;A21,A1;A9;A14;A21;A22;A25;A27;A28;A31,PARTIAL,A7,A1;A9;A14;A22;A25;A27;A31,A1;A7;A9;A14;A21;A22;A25;A27;A28;A31,5,,,,Axis 28 Hematopoiesis Secondary Axis 7 Mitochondrial energy Axis 21 Circulation
41,Women's Endocrine Renewal Module,TANGTU NGCHOU PLUS 2,TANGTU NGCHOU PLUS 2,A7;A21;A28;A32,A32;A35,A7;A21,A7;A21;A32;A35,PARTIAL,A28,A35,A7;A21;A28;A32;A35,2,,,,Axis 32 Female Hormone Axis Secondary Axis 28 Stem Cell / Hematopoiesis Axis 7 Mitochondrial Energy Axis 21 Circulation
42,Gastrointestinal Mucosal Repair Module,KERMA (Digestive variant),KERMA (Digestive variant),A1;A17;A18;A19,A17,A1;A18,A1;A17;A18,PARTIAL,A19,,A1;A17;A18;A19,1,,,,Axis 17 Digestive–Absorptive Axis Secondary Axis 19 Gut Barrier Axis 1 Inflammation Axis 18 Microbiome
43,Antioxidant Cellular Protection Module,RADICA,RADICA,A9;A12;A14;A15,A3;A4;A9;A18,A14;A15,A3;A4;A9;A14;A15;A18,PARTIAL,A12,A3;A4;A18,A3;A4;A9;A12;A14;A15;A18,3,,,,Axis 9 Oxidative Stress Secondary Axis 12 DNA Repair Axis 14 Longevity signaling Axis 15 Senescence
44,Female Reproductive Vitality Module,FEMOON,Femoon,A1;A14;A32,A5;A15;A16;A20;A32,A1;A14,A1;A5;A14;A15;A16;A20;A32,PARTIAL,,A5;A15;A16;A20,A1;A5;A14;A15;A16;A20;A32,3,,,,Axis 32 Female Hormone Axis Secondary Axis 14 Longevity Axis 1 Inflammation
45,Cardiometabolic Adaptation Module,IVORA,IVORA,A5;A6;A21;A23,A5;A8;A11;A20;A21,A6;A23,A5;A6;A8;A11;A20;A21;A23,PARTIAL,,A8;A11;A20,A5;A6;A8;A11;A20;A21;A23,3,,,,Axis 21 Endothelial Function Secondary Axis 5 Glucose–Insulin Axis Axis 6 Lipid metabolism Axis 23 Thrombosis
46,Cellular Detoxification & Antioxidant Module,VITACEL,VITACEL,A8;A9;A16,A3;A5;A10;A11;A14;A15;A16;A18,A8,A3;A5;A8;A10;A11;A14;A15;A16;A18,PARTIAL,A9,A3;A5;A10;A11;A14;A15;A18,A3;A5;A8;A9;A10;A11;A14;A15;A16;A18,6,,,,Axis 16 Detoxification Axis Secondary Axis 9 Oxidative stress Axis 8 Mitochondria
47,Bone Mineral Density Module,REDCAL,REDCAL,A24;A29;A30,A3;A22;A24;A25;A29;A30;A34,A24;A29,A3;A22;A24;A25;A29;A30;A34,PARTIAL,,A3;A22;A25;A34,A3;A22;A24;A25;A29;A30;A34,6,,,,Axis 30 Bone Remodeling Secondary Axis 29 Musculoskeletal integrity Axis 24 Hemodynamics
48,Immunometabolic Defense Module,IM-1 Beta Glucan,IM-1 Beta Glucan,A1;A2;A3,A2;A4;A5;A18;A19,A1;A36,A1;A2;A4;A5;A18;A19;A36,PARTIAL,A3,A4;A5;A18;A19;A36,A1;A2;A3;A4;A5;A18;A19;A36,4,,,,Axis 2 Immune Homeostasis Secondary Axis 3 Pathogen defense Axis 1 Inflammation
49,Adaptogenic Endurance Module,TANGCHOU PLUS SANCHI,TANGCHOU PLUS SANCHI,A7;A21;A34,A5;A6;A7;A10;A14;A20,A21;A29,A5;A6;A7;A10;A14;A20;A21;A29,PARTIAL,A34,A5;A6;A10;A14;A20;A29,A5;A6;A7;A10;A14;A20;A21;A29;A34,6,,,,Axis 7 Mitochondrial Energy Secondary Axis 34 Hormonal axis Axis 21 Circulation
50,Anti-Allergic Immune Modulation Module,VARIZ,VARIZ,A1;A2;A19,A2;A3;A6;A9;A17;A20;A24,A2;A19;A35,A2;A3;A6;A9;A17;A19;A20;A24;A35,PARTIAL,A1,A3;A6;A9;A17;A20;A24;A35,A1;A2;A3;A6;A9;A17;A19;A20;A24;A35,6,,,,Axis 2 Immune Homeostasis Secondary Axis 1 Inflammation Axis 19 Gut barrier
51,Hematopoietic Restoration Module,Nourishing Blood Capsule,Nourishing Blood Tonic Capsule,A14;A21;A22;A28,A1;A9;A21;A22;A25;A27;A28;A31,A14;A21,A1;A9;A14;A21;A22;A25;A27;A28;A31,PARTIAL,,A1;A9;A25;A27;A31,A1;A9;A14;A21;A22;A25;A27;A28;A31,5,,,,Axis 28 — Hematopoiesis Secondary Axis 22 Microcirculation Axis 21 Endothelial Axis 14 Longevity
52,Colon Detoxification Module,Cathartic Capsule,Cathartic Capsule,A16;A18;A19;A20,A16;A17;A18;A20;A33,A16;A19,A16;A17;A18;A19;A20;A33,PARTIAL,,A17;A33,A16;A17;A18;A19;A20;A33,3,,,,Axis 20 — Colon Biofilm & Toxic Burden Secondary Axis 18 Microbiome Axis 16 Detoxification Axis 19 Gut Barrier
53,Gastrointestinal Motility Module,Yaventa Capsule,Yaventa Capsule,A17;A18;A19,,,,XLSX_ONLY(no md),A17;A18;A19,,A17;A18;A19,0,,,,Axis 17 — Digestive Absorptive Axis Secondary Axis 19 Gut barrier Axis 18 Microbiome
54,Hepatobiliary Detox Module,Cinnara Capsule,CINNARA Capsule,A5;A6;A16,A2;A4;A9;A16;A17;A18;A25;A33,A1;A5;A18;A35,A1;A2;A4;A5;A9;A16;A17;A18;A25;A33;A35,PARTIAL,A6,A1;A2;A4;A9;A17;A18;A25;A33;A35,A1;A2;A4;A5;A6;A9;A16;A17;A18;A25;A33;A35,4,,,,Axis 16 Detoxification Secondary Axis 6 Lipid metabolism Axis 5 Glucose metabolism
55,Vascular Anti-Inflammatory Module,Yhateennok Capsule,Yhateennok Capsule,A1;A9;A21,A21,A1,A1;A21,PARTIAL,A9,,A1;A9;A21,2,,,,Axis 21 Endothelial Function Secondary Axis 9 Oxidative stress Axis 1 Inflammation
56,Gastric Repair Module,Stomma Capsule,STOMMA CAPSULE,A1;A17;A19,A1;A9;A16;A17;A18;A19,A1,A1;A9;A16;A17;A18;A19,PARTIAL,,A9;A16;A18,A1;A9;A16;A17;A18;A19,4,,,,Axis 17 Digestive Function Secondary Axis 19 Gut barrier Axis 1 Inflammation
57,Hemorrhoid & Vascular Repair Module,RID-SI Capsule,RID-SI CAPSULE,A21;A24;A25,A1;A9;A21;A22;A24;A25;A26;A31,A25,A1;A9;A21;A22;A24;A25;A26;A31,PARTIAL,,A1;A9;A22;A26;A31,A1;A9;A21;A22;A24;A25;A26;A31,5,,,,Axis 24 Hemodynamics Secondary Axis 21 Endothelial Axis 25 Tissue repair
58,Intestinal Clearance Module,B-LAX Capsule,B-LAX CAPSULE,A16;A18;A20,A16;A17;A18;A20;A22;A33;A35,A16,A16;A17;A18;A20;A22;A33;A35,PARTIAL,,A17;A22;A33;A35,A16;A17;A18;A20;A22;A33;A35,4,,,,Axis 20 Colon Biofilm Secondary Axis 18 Microbiome Axis 16 Detoxification
59,Systemic Rejuvenation Module,AM-PUR Herbal Tonic,AM-PUR MIXTURE,A2;A8;A14,A5;A7;A8;A9;A11;A14;A15;A18;A21;A23;A24;A26;A28;A29;A31;A32;A33;A35,A2;A8;A21;A29;A30;A34,A2;A5;A7;A8;A9;A11;A14;A15;A18;A21;A23;A24;A26;A28;A29;A30;A31;A32;A33;A34;A35,PARTIAL,,A5;A7;A9;A11;A15;A18;A21;A23;A24;A26;A28;A29;A30;A31;A32;A33;A34;A35,A2;A5;A7;A8;A9;A11;A14;A15;A18;A21;A23;A24;A26;A28;A29;A30;A31;A32;A33;A34;A35,5,,,,Axis 14 Longevity Signaling Secondary Axis 2 Immune homeostasis Axis 8 Mitochondria
60,Male Hormonal Vitality Module,Butea Superba Capsule,BUTEA SUPERBA CAPSULE,A7;A21;A33,A9;A21;A22;A27;A30;A33;A35,A7,A7;A9;A21;A22;A27;A30;A33;A35,PARTIAL,,A9;A22;A27;A30;A35,A7;A9;A21;A22;A27;A30;A33;A35,3,,,,Axis 33 Male Hormonal Axis Secondary Axis 21 Endothelial Axis 7 Nutrient sensing
61,Hematopoietic Restoration Module,Nourishing Blood Capsule,Nourishing Blood Tonic Capsule,A14;A21;A22;A28,A1;A9;A21;A22;A25;A27;A28;A31,A14;A21,A1;A9;A14;A21;A22;A25;A27;A28;A31,PARTIAL,,A1;A9;A25;A27;A31,A1;A9;A14;A21;A22;A25;A27;A28;A31,5,,,,Axis 28 — Hematopoiesis Secondary Axis 22 Microcirculation Axis 21 Endothelial Axis 14 Longevity
62,Colon Detoxification Module,Cathartic Capsule,Cathartic Capsule,A16;A18;A19;A20,A16;A17;A18;A20;A33,A16;A19,A16;A17;A18;A19;A20;A33,PARTIAL,,A17;A33,A16;A17;A18;A19;A20;A33,3,,,,Axis 20 — Colon Biofilm & Toxic Burden Secondary Axis 18 Microbiome Axis 16 Detoxification Axis 19 Gut Barrier
63,Gastrointestinal Motility Module,Yaventa Capsule,Yaventa Capsule,A17;A18;A19,,,,XLSX_ONLY(no md),A17;A18;A19,,A17;A18;A19,0,,,,Axis 17 — Digestive Absorptive Axis Secondary Axis 19 Gut barrier Axis 18 Microbiome
64,Hepatobiliary Detox Module,Cinnara Capsule,CINNARA Capsule,A5;A6;A16,A2;A4;A9;A16;A17;A18;A25;A33,A1;A5;A18;A35,A1;A2;A4;A5;A9;A16;A17;A18;A25;A33;A35,PARTIAL,A6,A1;A2;A4;A9;A17;A18;A25;A33;A35,A1;A2;A4;A5;A6;A9;A16;A17;A18;A25;A33;A35,4,,,,Axis 16 Detoxification Secondary Axis 6 Lipid metabolism Axis 5 Glucose metabolism
65,Vascular Anti-Inflammatory Module,Yhateennok Capsule,Yhateennok Capsule,A1;A9;A21,A21,A1,A1;A21,PARTIAL,A9,,A1;A9;A21,2,,,,Axis 21 Endothelial Function Secondary Axis 9 Oxidative stress Axis 1 Inflammation
66,Gastric Repair Module,Stomma Capsule,STOMMA CAPSULE,A1;A17;A19,A1;A9;A16;A17;A18;A19,A1,A1;A9;A16;A17;A18;A19,PARTIAL,,A9;A16;A18,A1;A9;A16;A17;A18;A19,4,,,,Axis 17 Digestive Function Secondary Axis 19 Gut barrier Axis 1 Inflammation
67,Hemorrhoid & Vascular Repair Module,RID-SI Capsule,RID-SI CAPSULE,A21;A24;A25,A1;A9;A21;A22;A24;A25;A26;A31,A25,A1;A9;A21;A22;A24;A25;A26;A31,PARTIAL,,A1;A9;A22;A26;A31,A1;A9;A21;A22;A24;A25;A26;A31,5,,,,Axis 24 Hemodynamics Secondary Axis 21 Endothelial Axis 25 Tissue repair
68,Intestinal Clearance Module,B-LAX Capsule,B-LAX CAPSULE,A16;A18;A20,A16;A17;A18;A20;A22;A33;A35,A16,A16;A17;A18;A20;A22;A33;A35,PARTIAL,,A17;A22;A33;A35,A16;A17;A18;A20;A22;A33;A35,4,,,,Axis 20 Colon Biofilm Secondary Axis 18 Microbiome Axis 16 Detoxification
69,Systemic Rejuvenation Module,AM-PUR Herbal Tonic,AM-PUR MIXTURE,A2;A8;A14,A5;A7;A8;A9;A11;A14;A15;A18;A21;A23;A24;A26;A28;A29;A31;A32;A33;A35,A2;A8;A21;A29;A30;A34,A2;A5;A7;A8;A9;A11;A14;A15;A18;A21;A23;A24;A26;A28;A29;A30;A31;A32;A33;A34;A35,PARTIAL,,A5;A7;A9;A11;A15;A18;A21;A23;A24;A26;A28;A29;A30;A31;A32;A33;A34;A35,A2;A5;A7;A8;A9;A11;A14;A15;A18;A21;A23;A24;A26;A28;A29;A30;A31;A32;A33;A34;A35,5,,,,Axis 14 Longevity Signaling Secondary Axis 2 Immune homeostasis Axis 8 Mitochondria
70,Male Hormonal Vitality Module,Butea Superba Capsule,BUTEA SUPERBA CAPSULE,A7;A21;A33,A9;A21;A22;A27;A30;A33;A35,A7,A7;A9;A21;A22;A27;A30;A33;A35,PARTIAL,,A9;A22;A27;A30;A35,A7;A9;A21;A22;A27;A30;A33;A35,3,,,,Axis 33 Male Hormonal Axis Secondary Axis 21 Endothelial Axis 7 Nutrient sensing
71,Cardiovascular Lipid Balance Module,FlaxPro,FlaxPro,A5;A6;A9;A11,A3;A5;A6;A9;A10;A11;A20,,A3;A5;A6;A9;A10;A11;A20,PARTIAL,,A3;A10;A20,A3;A5;A6;A9;A10;A11;A20,2,,,,Axis 9 Vascular Integrity Axis 11 Lipid Metabolism Axis 5 Oxidative Stress Axis 6 Inflammation
72,Metabolic Reset Module,Luce,Luce,A2;A5;A11;A12,A2;A5;A11;A12,,A2;A5;A11;A12,AGREE,,,A2;A5;A11;A12,1,,,,Axis 12 Glucose Metabolism Axis 11 Lipid Metabolism Axis 5 Oxidative Stress Axis 2 Microbiome
73,Prostate Support Module,Topaz,Topaz,A5;A6;A25,A5;A6;A25,,A5;A6;A25,AGREE,,,A5;A6;A25,1,,,,Axis 25 Hormone Regulation Axis 6 Inflammation Axis 5 Oxidative Stress
74,Neuro-Cognitive Module,Focuz,Focuz,A9;A30;A33,A9;A30;A33,,A9;A30;A33,AGREE,,,A9;A30;A33,1,,,,Axis 30 Brain Neuroplasticity Axis 33 Neuro Sleep Brain Axis 9 Vascular Integrity
75,Digestive Repair Module,XS,XS,A2;A3;A4,A2;A3;A4,,A2;A3;A4,AGREE,,,A2;A3;A4,1,,,,Axis 2 Microbiome Axis 3 Digestive Function Axis 4 Detoxification
76,Circulation Module,Tangchou Plus Sanchi,TANGCHOU PLUS SANCHI,A6;A10;A14,A5;A6;A7;A10;A14;A20,A21;A29,A5;A6;A7;A10;A14;A20;A21;A29,PARTIAL,,A5;A7;A20;A21;A29,A5;A6;A7;A10;A14;A20;A21;A29,6,,,,Axis 10 Circulation Axis 14 Mitochondria Axis 6 Inflammation
77,Venous Circulation Module,Variz,VARIZ,A6;A9,A2;A3;A6;A9;A17;A20;A24,A2;A19;A35,A2;A3;A6;A9;A17;A19;A20;A24;A35,PARTIAL,,A2;A3;A17;A19;A20;A24;A35,A2;A3;A6;A9;A17;A19;A20;A24;A35,6,,,,Axis 9 Vascular Integrity Axis 6 Inflammation
78,Cellular Regeneration Module,Vitacel,VITACEL,A5;A14;A15,A3;A5;A10;A11;A14;A15;A16;A18,A8,A3;A5;A8;A10;A11;A14;A15;A16;A18,PARTIAL,,A3;A8;A10;A11;A16;A18,A3;A5;A8;A10;A11;A14;A15;A16;A18,6,,,,Axis 5 Oxidative Stress Axis 15 DNA repair Axis 14 Mitochondria
79,Bone Mineralization Module,RedCal,REDCAL,A24;A34,A3;A22;A24;A25;A29;A30;A34,A24;A29,A3;A22;A24;A25;A29;A30;A34,PARTIAL,,A3;A22;A25;A29;A30,A3;A22;A24;A25;A29;A30;A34,6,,,,Axis 34 Musculoskeletal Axis 24 Mineral metabolism
80,Immune Defense Module,IM-1,IM-1,A1;A6;A32,A1;A2;A3;A4;A5;A6;A7;A8;A9;A10;A11;A12;A13;A14;A20;A22;A23;A24;A25;A26;A27;A32;A36,,A1;A2;A3;A4;A5;A6;A7;A8;A9;A10;A11;A12;A13;A14;A20;A22;A23;A24;A25;A26;A27;A32;A36,PARTIAL,,A2;A3;A4;A5;A7;A8;A9;A10;A11;A12;A13;A14;A20;A22;A23;A24;A25;A26;A27;A36,A1;A2;A3;A4;A5;A6;A7;A8;A9;A10;A11;A12;A13;A14;A20;A22;A23;A24;A25;A26;A27;A32;A36,2,,,,Axis 1 Immune System Axis 6 Inflammation Axis 32 Infection Defense
81,Metabolic Restoration Module,DB-1,DB-1,A5;A8;A9;A11,A5;A8;A9;A11,,A5;A8;A9;A11,AGREE,,,A5;A8;A9;A11,2,,,,Axis 8 Glucose Metabolism Axis 9 Insulin Signaling Axis 11 Mitochondrial Function Axis 5 Inflammation Control
82,Neuro-Respiratory Support Module,NARIS,NARIS,A4;A5;A6;A12,A4;A5;A6;A12;A21,,A4;A5;A6;A12;A21,PARTIAL,,A21,A4;A5;A6;A12;A21,2,,,,Axis 4 Immune System Axis 6 Viral Defense Axis 12 Lung Function Axis 5 Inflammation
83,Immune Longevity Module,Reishimuno,Reishimuno,A3;A4;A11;A18,A3;A4;A5;A11;A18;A19,,A3;A4;A5;A11;A18;A19,PARTIAL,,A5;A19,A3;A4;A5;A11;A18;A19,3,,,,Axis 4 Immune System Axis 11 Mitochondria Axis 3 Oxidative Stress Axis 18 Aging Biology
84,Cellular Repair Module,IM-5,IM-5,A3;A5;A7;A14,A3;A5;A7;A8;A9;A14,,A3;A5;A7;A8;A9;A14,PARTIAL,,A8;A9,A3;A5;A7;A8;A9;A14,3,,,,Axis 3 Oxidative Stress Axis 7 Tissue Repair Axis 14 Skin Integrity Axis 5 Inflammation
85,Hepatic Detox Module,HEPA-1,HEPA-1,A1;A3;A5;A13,A1;A3;A5;A13,,A1;A3;A5;A13,AGREE,,,A1;A3;A5;A13,3,,,,Axis 1 Detoxification Axis 13 Liver Function Axis 5 Inflammation Axis 3 Oxidative Stress
86,Cardiovascular Protection Module,HP-1,HP-1,A3;A5;A20;A21,A3;A5;A6;A20;A21,,A3;A5;A6;A20;A21,PARTIAL,,A6,A3;A5;A6;A20;A21,3,,,,Axis 20 Cardiovascular Function Axis 21 Endothelial Health Axis 5 Inflammation Axis 3 Oxidative Stress
87,Immune Activation Module,Beta-V,Beta-V,A3;A4;A6;A18,A3;A4;A5;A6;A18;A19;A21,,A3;A4;A5;A6;A18;A19;A21,PARTIAL,,A5;A19;A21,A3;A4;A5;A6;A18;A19;A21,3,,,,Axis 4 Immune System Axis 6 Viral Defense Axis 18 Longevity Axis 3 Oxidative Stress
88,Longevity Regeneration Module,REVITA,Revita,A3;A4;A11;A18,A3;A4;A10;A11;A18,,A3;A4;A10;A11;A18,PARTIAL,,A10,A3;A4;A10;A11;A18,3,,,,Axis 11 Mitochondrial Function Axis 18 Longevity Axis 4 Immune System Axis 3 Oxidative Stress
89,Microbiome Regeneration Module,IMO,IMO,A1;A2;A4;A8;A36;A38;A39,A1;A2;A4;A5;A8;A12;A15;A16;A36;A38;A39,,A1;A2;A4;A5;A8;A12;A15;A16;A36;A38;A39,PARTIAL,,A5;A12;A15;A16,A1;A2;A4;A5;A8;A12;A15;A16;A36;A38;A39,4,,,,Axis 2 Microbiome Axis 4 Immune System       Axis 1 Detoxification                                              Axis 8 Metabolic Balance                                 Axis 36: Oncology                                        AXIS 37 Protein Quality Control System Axis    Axis 38Protein Clearance & 
90,Omega Anti-Inflammatory Module,FLAXPRO,FlaxPro,A3;A5;A10;A20,A3;A5;A6;A9;A10;A11;A20,,A3;A5;A6;A9;A10;A11;A20,PARTIAL,,A6;A9;A11,A3;A5;A6;A9;A10;A11;A20,2,,,,Axis 5 Inflammation Axis 20 Cardiovascular System Axis 3 Oxidative Stress Axis 10 Neural Protection
91,Vital Energy Module,Tangtungchou Plus I,Tangtungchou Plus I,A4;A11;A18;A20,A4;A11;A18;A20,,A4;A11;A18;A20,AGREE,,,A4;A11;A18;A20,1,,,,Axis 11 Mitochondrial Function Axis 4 Immune System Axis 20 Cardiovascular System Axis 18 Longevity Biology
92,Neuro-Endocrine Restoration Module,Tangtungchou Plus II,Tangtungchou Plus II,A10;A11;A15;A18,A10;A11;A15;A18,,A10;A11;A15;A18,AGREE,,,A10;A11;A15;A18,1,,,,Axis 10 Nervous System Axis 15 Hormonal Regulation Axis 11 Mitochondria Axis 18 Longevity
93,Digestive Microbiome Repair Module,Kerma,Kerma,A1;A2;A5;A12,A1;A2;A5;A12;A17,A1,A1;A2;A5;A12;A17,PARTIAL,,A17,A1;A2;A5;A12;A17,2,,,,Axis 2 Microbiome Axis 12 Digestive System Axis 5 Inflammation Axis 1 Detoxification
94,Antioxidant Longevity Module,Radica,RADICA,A3;A4;A18,A3;A4;A9;A18,A14;A15,A3;A4;A9;A14;A15;A18,PARTIAL,,A9;A14;A15,A3;A4;A9;A14;A15;A18,3,,,,Axis 3 Oxidative Stress Axis 18 Longevity Axis 4 Immune System
95,Female Hormonal Balance Module,Femoon,Femoon,A5;A15;A16;A20,A5;A15;A16;A20;A32,A1;A14,A1;A5;A14;A15;A16;A20;A32,PARTIAL,,A1;A14;A32,A1;A5;A14;A15;A16;A20;A32,3,,,,Axis 15 Hormonal Regulation Axis 16 Reproductive System Axis 20 Circulation Axis 5 Inflammation
96,Cardiometabolic Protection Module,Ivora,IVORA,A5;A8;A11;A20,A5;A8;A11;A20;A21,A6;A23,A5;A6;A8;A11;A20;A21;A23,PARTIAL,,A6;A21;A23,A5;A6;A8;A11;A20;A21;A23,3,,,,Axis 20 Cardiovascular Axis 8 Metabolic Regulation Axis 5 Inflammation Axis 11 Mitochondria
97,Anti-inflammatory Repair Module,XM-2,XM-2 Capsule,A5;A7;A23,A1;A3;A4;A5;A7;A9;A18;A23;A24;A36,,A1;A3;A4;A5;A7;A9;A18;A23;A24;A36,PARTIAL,,A1;A3;A4;A9;A18;A24;A36,A1;A3;A4;A5;A7;A9;A18;A23;A24;A36,2,,,,Axis 5 Inflammation Axis 7 Tissue Repair Axis 23 Musculoskeletal System
98,Renal-Urological Support Module,Urana,Urana,A1;A5;A14;A35;A36,A1;A5;A14;A17;A35;A36,,A1;A5;A14;A17;A35;A36,PARTIAL,,A17,A1;A5;A14;A17;A35;A36,2,,,,Axis 14 Kidney Function Axis 1 Detoxification Axis 5 Inflammation                                          Axis 35: Organ Resilience & Functional Reserve (Organ Meta‑Axis)                                          Axis 36: Oncology
99,Gastrointestinal Protection Module,Twmid,Twmid,A2;A5;A12,A2;A5;A12,,A2;A5;A12,AGREE,,,A2;A5;A12,1,,,,Axis 12 Digestive System Axis 2 Microbiome Axis 5 Inflammation
100,Herbal Cosmetic Healing Module,Virana,Virana,A5;A7;A14,A5;A7;A14,,A5;A7;A14,AGREE,,,A5;A7;A14,1,,,,Axis 14 Skin System Axis 7 Tissue Repair Axis 5 Inflammation
101,Longevity Regeneration Module,Revita,Revita,A4;A10;A11;A18,A3;A4;A10;A11;A18,,A3;A4;A10;A11;A18,PARTIAL,,A3,A3;A4;A10;A11;A18,3,,,,Axis 18 Longevity Biology Axis 11 Mitochondrial Function Axis 4 Immune System Axis 10 Nervous System
102,Prebiotic Microbiome Module,IMO,IMO,A2;A8;A12,A1;A2;A4;A5;A8;A12;A15;A16;A36;A38;A39,,A1;A2;A4;A5;A8;A12;A15;A16;A36;A38;A39,PARTIAL,,A1;A4;A5;A15;A16;A36;A38;A39,A1;A2;A4;A5;A8;A12;A15;A16;A36;A38;A39,4,,,,Axis 2 Microbiome Axis 12 Digestive System Axis 8 Metabolism
103,Systemic Detox and Inflammation Control Module,KS,KS,A1;A5;A13,A1;A2;A3;A4;A5;A6;A7;A8;A9;A10;A11;A12;A13;A14;A15;A16;A17;A18;A19;A20;A21;A22;A23;A24;A25;A26;A27;A30;A35;A36;A38;A39,A1;A5;A16;A19,A1;A2;A3;A4;A5;A6;A7;A8;A9;A10;A11;A12;A13;A14;A15;A16;A17;A18;A19;A20;A21;A22;A23;A24;A25;A26;A27;A30;A35;A36;A38;A39,PARTIAL,,A2;A3;A4;A6;A7;A8;A9;A10;A11;A12;A14;A15;A16;A17;A18;A19;A20;A21;A22;A23;A24;A25;A26;A27;A30;A35;A36;A38;A39,A1;A2;A3;A4;A5;A6;A7;A8;A9;A10;A11;A12;A13;A14;A15;A16;A17;A18;A19;A20;A21;A22;A23;A24;A25;A26;A27;A30;A35;A36;A38;A39,5,,,,Axis 1 Detoxification Axis 5 Inflammation Axis 13 Liver Function
104,Lymphatic Regulation Module,Minoza,Minoza,A1;A2;A3;A4;A5;A6;A7;A8;A9;A10;A11;A12;A13;A14;A15;A16;A17;A18;A20;A21;A22;A23;A24;A25;A26;A27;A30;A33;A35;A36;A39,A1;A2;A3;A4;A5;A6;A7;A8;A9;A10;A11;A12;A13;A14;A15;A16;A17;A18;A20;A21;A22;A23;A24;A25;A26;A27;A30;A33;A35;A36;A39,A2;A16;A21;A36,A1;A2;A3;A4;A5;A6;A7;A8;A9;A10;A11;A12;A13;A14;A15;A16;A17;A18;A20;A21;A22;A23;A24;A25;A26;A27;A30;A33;A35;A36;A39,AGREE,,,A1;A2;A3;A4;A5;A6;A7;A8;A9;A10;A11;A12;A13;A14;A15;A16;A17;A18;A20;A21;A22;A23;A24;A25;A26;A27;A30;A33;A35;A36;A39,4,,,,Axis 6 Lymphatic System Axis 4 Immune System Axis 5 Inflammation                                        Axis 36: Oncology                                      AXIS 37 Protein Quality Control System Axis  AXIS 38 Protein Clearance & Proteotoxic Stress Axis                                             
105,Vital Qi Module,Ho-Ren-Yin Herbal Tonic,HO REN YIN MIXTURE,A4;A11;A18,A1;A4;A5;A8;A9;A11;A13;A14;A18;A21;A22;A23;A24;A26;A27;A28;A29;A31;A32;A33;A34;A35,A2;A28;A29;A30;A34;A35,A1;A2;A4;A5;A8;A9;A11;A13;A14;A18;A21;A22;A23;A24;A26;A27;A28;A29;A30;A31;A32;A33;A34;A35,PARTIAL,,A1;A2;A5;A8;A9;A13;A14;A21;A22;A23;A24;A26;A27;A28;A29;A30;A31;A32;A33;A34;A35,A1;A2;A4;A5;A8;A9;A11;A13;A14;A18;A21;A22;A23;A24;A26;A27;A28;A29;A30;A31;A32;A33;A34;A35,5,,,,Axis 11 Mitochondrial Function Axis 4 Immune System Axis 18 Longevity
106,Adaptogenic Vitality Module,AM-PUR,AM-PUR MIXTURE,A11;A15;A18,A5;A7;A8;A9;A11;A14;A15;A18;A21;A23;A24;A26;A28;A29;A31;A32;A33;A35,A2;A8;A21;A29;A30;A34,A2;A5;A7;A8;A9;A11;A14;A15;A18;A21;A23;A24;A26;A28;A29;A30;A31;A32;A33;A34;A35,PARTIAL,,A2;A5;A7;A8;A9;A14;A21;A23;A24;A26;A28;A29;A30;A31;A32;A33;A34;A35,A2;A5;A7;A8;A9;A11;A14;A15;A18;A21;A23;A24;A26;A28;A29;A30;A31;A32;A33;A34;A35,5,,,,Axis 11 Mitochondria Axis 15 Hormonal regulation Axis 18 Longevity
107,Musculoskeletal Relief Module,Kimluy Yellow Oil,KIMLUY BRAND YELLOW OIL,A5;A20;A23,A5;A20;A23;A29;A31,A21,A5;A20;A21;A23;A29;A31,PARTIAL,,A21;A29;A31,A5;A20;A21;A23;A29;A31,2,,,,Axis 23 Musculoskeletal System Axis 5 Inflammation Axis 20 Circulation
108,Cellular Detox Module,CHLOROPHYNA,CHLOROPHYNA,A1;A3;A17,A1;A3;A17,,A1;A3;A17,AGREE,,,A1;A3;A17,1,,,,Axis 1 Detoxification Axis 17 Blood System Axis 3 Oxidative Stress
109,Microbiome Enzyme Module,Ricezozyme,RICEZOZYME,A2;A5;A12,A2;A5;A12;A18,A1;A19,A1;A2;A5;A12;A18;A19,PARTIAL,,A1;A18;A19,A1;A2;A5;A12;A18;A19,2,,,,Axis 2 Microbiome Axis 12 Digestive System Axis 5 Inflammation
110,Cardiovascular Protection Module,Garlica,HP-1,A3;A8;A20,A3;A5;A6;A20;A21,,A3;A5;A6;A20;A21,PARTIAL,A8,A5;A6;A21,A3;A5;A6;A8;A20;A21,3,,,,Axis 20 Cardiovascular System Axis 8 Metabolic Regulation Axis 3 Oxidative Stress
111,Advanced Liver Detox Module,Hepa-2,Hepa-2,A1;A3;A5;A13,A1;A3;A5;A13,,A1;A3;A5;A13,AGREE,,,A1;A3;A5;A13,2,,,,Axis 13 Liver system Axis 1 Detoxification Axis 3 Oxidative stress Axis 5 Inflammation
112,Comprehensive Hepatic Support,Hepa Plus,Hepa Plus,A1;A5;A13,A1;A5;A13,,A1;A5;A13,AGREE,,,A1;A5;A13,1,,,,Axis 13 Liver Axis 1 Detox Axis 5 Inflammation
113,Nervous System Balance Module,Angera,Angera,A10;A16;A20,A10;A16;A20,,A10;A16;A20,AGREE,,,A10;A16;A20,1,,,,Axis 10 Nervous system Axis 16 Stress regulation Axis 20 Cerebral circulation
114,Immune Regulation Module,Beta-4,Beta-4,A3;A4;A5,A3;A4;A5,,A3;A4;A5,AGREE,,,A3;A4;A5,1,,,,Axis 4 Immune system Axis 3 Oxidative stress Axis 5 Inflammation
115,Bioactive Peptide Regeneration Module,Buminmax,Buminmax,A11;A18;A24,A11;A18;A24,,A11;A18;A24,AGREE,,,A11;A18;A24,1,,,,Axis 24 Musculoskeletal system Axis 11 Mitochondrial energy Axis 18 Longevity biology
116,Hormonal Balance Module,Lana,LANA,A7;A15;A18,A7;A15;A18;A31;A33;A35;A36,,A7;A15;A18;A31;A33;A35;A36,PARTIAL,,A31;A33;A35;A36,A7;A15;A18;A31;A33;A35;A36,2,,,,Axis 15 Hormonal system Axis 7 Reproductive system Axis 18 Longevity
117,Immune Defense Module,IM-6,IM-6 Capsule,A3;A4;A5,A1;A2;A3;A4;A5;A6;A7;A8;A9;A10;A11;A12;A13;A14;A15;A17;A18;A20;A21;A22;A23;A24;A25;A26;A27;A33;A35;A36,,A1;A2;A3;A4;A5;A6;A7;A8;A9;A10;A11;A12;A13;A14;A15;A17;A18;A20;A21;A22;A23;A24;A25;A26;A27;A33;A35;A36,PARTIAL,,A1;A2;A6;A7;A8;A9;A10;A11;A12;A13;A14;A15;A17;A18;A20;A21;A22;A23;A24;A25;A26;A27;A33;A35;A36,A1;A2;A3;A4;A5;A6;A7;A8;A9;A10;A11;A12;A13;A14;A15;A17;A18;A20;A21;A22;A23;A24;A25;A26;A27;A33;A35;A36,3,,,,Axis 4 Immune Axis 5 Inflammation Axis 3 Oxidative stress
118,Hepatic Restoration Module,Hepa-3,HEPA-3 Capsule,A1;A5;A13,A1;A5;A6;A8;A9;A13;A15;A21;A24;A35;A36,,A1;A5;A6;A8;A9;A13;A15;A21;A24;A35;A36,PARTIAL,,A6;A8;A9;A15;A21;A24;A35;A36,A1;A5;A6;A8;A9;A13;A15;A21;A24;A35;A36,3,,,,Axis 13 Liver Axis 1 Detox Axis 5 Inflammation
119,Systemic Immune & Detox Module,Beta-X,Beta-X,A1;A4;A5,A1;A4;A5;A20;A24,,A1;A4;A5;A20;A24,PARTIAL,,A20;A24,A1;A4;A5;A20;A24,2,,,,Axis 4 Immune Axis 1 Detox Axis 5 Inflammation
120,Hepato-Metabolic Regulation Module,Livita,Livita,A3;A8;A13,A3;A8;A13,,A3;A8;A13,AGREE,,,A3;A8;A13,1,,,,Axis 13 Liver Axis 8 Metabolism Axis 3 Oxidative stress
121,Immune Longevity Module,Reishimuno,Reishimuno,A4;A5;A18,A3;A4;A5;A11;A18;A19,,A3;A4;A5;A11;A18;A19,PARTIAL,,A3;A11;A19,A3;A4;A5;A11;A18;A19,3,,,,Axis 4 Immune system Axis 18 Longevity biology Axis 5 Inflammation
122,Metabolic Repair Module,IM-5,IM-5,A3;A8;A9,A3;A5;A7;A8;A9;A14,,A3;A5;A7;A8;A9;A14,PARTIAL,,A5;A7;A14,A3;A5;A7;A8;A9;A14,3,,,,Axis 8 Metabolism Axis 9 Glucose regulation Axis 3 Oxidative stress
123,Hepatic Regeneration Module,Hepa-1,HEPA-1,A1;A5;A13,A1;A3;A5;A13,,A1;A3;A5;A13,PARTIAL,,A3,A1;A3;A5;A13,3,,,,Axis 13 Liver Axis 1 Detox Axis 5 Inflammation
124,Cardiovascular Stability Module,HP-1,HP-1,A3;A6;A20,A3;A5;A6;A20;A21,,A3;A5;A6;A20;A21,PARTIAL,,A5;A21,A3;A5;A6;A20;A21,3,,,,Axis 6 Cardiovascular Axis 20 Microcirculation Axis 3 Oxidative stress
125,Advanced Immune Matrix,Beta-V,Beta-V,A3;A4;A5,A3;A4;A5;A6;A18;A19;A21,,A3;A4;A5;A6;A18;A19;A21,PARTIAL,,A6;A18;A19;A21,A3;A4;A5;A6;A18;A19;A21,3,,,,Axis 4 Immune Axis 5 Inflammation Axis 3 Oxidative stress
126,Cellular Longevity Module,Revita,Revita,A10;A11;A18,A3;A4;A10;A11;A18,,A3;A4;A10;A11;A18,PARTIAL,,A3;A4,A3;A4;A10;A11;A18,3,,,,Axis 18 Longevity Axis 11 Mitochondrial energy Axis 10 Nervous system
127,Gut Microbiome Support Module,IMO,IMO,A2;A4;A12,A1;A2;A4;A5;A8;A12;A15;A16;A36;A38;A39,,A1;A2;A4;A5;A8;A12;A15;A16;A36;A38;A39,PARTIAL,,A1;A5;A8;A15;A16;A36;A38;A39,A1;A2;A4;A5;A8;A12;A15;A16;A36;A38;A39,4,,,,Axis 2 Microbiome Axis 12 Digestive system Axis 4 Immune
128,Anti-Inflammatory Systemic Module,KS,KS,A1;A2;A3;A4;A5;A24,A1;A2;A3;A4;A5;A6;A7;A8;A9;A10;A11;A12;A13;A14;A15;A16;A17;A18;A19;A20;A21;A22;A23;A24;A25;A26;A27;A30;A35;A36;A38;A39,A1;A5;A16;A19,A1;A2;A3;A4;A5;A6;A7;A8;A9;A10;A11;A12;A13;A14;A15;A16;A17;A18;A19;A20;A21;A22;A23;A24;A25;A26;A27;A30;A35;A36;A38;A39,PARTIAL,,A6;A7;A8;A9;A10;A11;A12;A13;A14;A15;A16;A17;A18;A19;A20;A21;A22;A23;A25;A26;A27;A30;A35;A36;A38;A39,A1;A2;A3;A4;A5;A6;A7;A8;A9;A10;A11;A12;A13;A14;A15;A16;A17;A18;A19;A20;A21;A22;A23;A24;A25;A26;A27;A30;A35;A36;A38;A39,5,,,,Axis 5 Inflammation Axis 24 Musculoskeletal    Axis 3 Oxidative stress                                    Axis 1: Systemic Inflammatory Load                     Axis 2: Immune Homeostasis                           Axis 4: Post‑Infectious Persistence
129,Lymphatic Detox Module,Minoza,Minoza,A1;A4;A14,A1;A2;A3;A4;A5;A6;A7;A8;A9;A10;A11;A12;A13;A14;A15;A16;A17;A18;A20;A21;A22;A23;A24;A25;A26;A27;A30;A33;A35;A36;A39,A2;A16;A21;A36,A1;A2;A3;A4;A5;A6;A7;A8;A9;A10;A11;A12;A13;A14;A15;A16;A17;A18;A20;A21;A22;A23;A24;A25;A26;A27;A30;A33;A35;A36;A39,PARTIAL,,A2;A3;A5;A6;A7;A8;A9;A10;A11;A12;A13;A15;A16;A17;A18;A20;A21;A22;A23;A24;A25;A26;A27;A30;A33;A35;A36;A39,A1;A2;A3;A4;A5;A6;A7;A8;A9;A10;A11;A12;A13;A14;A15;A16;A17;A18;A20;A21;A22;A23;A24;A25;A26;A27;A30;A33;A35;A36;A39,4,,,,Axis 14 Lymphatic system Axis 1 Detox Axis 4 Immune
130,Systemic Organ Detox Module,Anax,ANAX MIXTURE,A1;A13;A17,A1;A7;A13;A17;A29,A1;A14;A21;A31;A34,A1;A7;A13;A14;A17;A21;A29;A31;A34,PARTIAL,,A7;A14;A21;A29;A31;A34,A1;A7;A13;A14;A17;A21;A29;A31;A34,3,,,,Axis 1 Detox Axis 13 Liver Axis 17 Kidney
131,Multinutrient Cellular Support,VitalPlus,VitalPlus,A10;A11;A18;A39,A10;A11;A18;A39,,A10;A11;A18;A39,AGREE,,,A10;A11;A18;A39,1,,,,Axis 10 Nervous system Axis 11 Mitochondrial energy Axis 18 Longevity                                 AXIS 37 Protein Quality Control System Axis  AXIS 38 Protein Clearance & Proteotoxic Stress Axis                                                          Axis 39  Cognitive-Emotional Loop Axis (CELA
132,Renal Detox Module,Urana,Urana,A1;A5;A17,A1;A5;A14;A17;A35;A36,,A1;A5;A14;A17;A35;A36,PARTIAL,,A14;A35;A36,A1;A5;A14;A17;A35;A36,2,,,,Axis 17 Kidney Axis 1 Detox Axis 5 Inflammation
133,Advanced Liver Protection,Hepa-2,Hepa-2,A1;A3;A13,A1;A3;A5;A13,,A1;A3;A5;A13,PARTIAL,,A5,A1;A3;A5;A13,2,,,,Axis 13 Liver Axis 1 Detox Axis 3 Oxidative stress
134,Circulation & Detox Module,Beta-X,Beta-X,A5;A20;A24,A1;A4;A5;A20;A24,,A1;A4;A5;A20;A24,PARTIAL,,A1;A4,A1;A4;A5;A20;A24,2,,,,Axis 5 Inflammation Axis 20 Microcirculation Axis 24 Musculoskeletal
135,Traditional Detox Module,Ya Sitthijohn,Ya Sitthijohn,A1;A4;A14,A1;A4;A14,,A1;A4;A14,AGREE,,,A1;A4;A14,1,,,,Axis 14 Lymphatic Axis 1 Detox Axis 4 Immune
136,Metabolic Balancing Module,Vitalis,Vitalis,A3;A8;A9,A3;A8;A9,,A3;A8;A9,AGREE,,,A3;A8;A9,1,,,,Axis 8 Metabolism Axis 9 Glucose regulation Axis 3 Oxidative stress
137,Neuro-Endocrine Support,Ava,Ava,A10;A18;A21,A10;A18;A21,,A10;A18;A21,AGREE,,,A10;A18;A21,1,,,,Axis 10 Nervous system Axis 21 Hormonal system Axis 18 Longevity
138,Systemic Organ Tonic,Plumax Plus,Plumax Plus,A6;A18;A20;A36;A39,A6;A18;A20;A36;A39,,A6;A18;A20;A36;A39,AGREE,,,A6;A18;A20;A36;A39,1,,,,Axis 6 Cardiovascular Axis 20 Microcirculation Axis 18 Longevity                                         Axis 36: Oncology                                      AXIS 37 Protein Quality Control System Axis  AXIS 38 Protein Clearance & Proteotoxic Stress Axis                                            
139,Orygis Bamboo Mouthwash™,Orygis Bamboo Mouthwash,Orygis Bamboo Mouthwash,A4;A5;A30,A4;A5;A30,,A4;A5;A30,AGREE,,,A4;A5;A30,1,,,,Axis 30 Oral microbiome Axis 4 Immune Axis 5 Inflammation
140,Propolis Immune Spray™,Propolis Immune Spray,Propolis Immune Spray,A4;A5;A30,A4;A5;A30,,A4;A5;A30,AGREE,,,A4;A5;A30,1,,,,Axis 4 Immune system Axis 30 Oral immunity Axis 5 Inflammation
141,Circulatory Neurovascular Module,Tangchou Plus Sanchi,TANGCHOU PLUS SANCHI,A6;A10;A20,A5;A6;A7;A10;A14;A20,A21;A29,A5;A6;A7;A10;A14;A20;A21;A29,PARTIAL,,A5;A7;A14;A21;A29,A5;A6;A7;A10;A14;A20;A21;A29,6,,,,Axis 6 Cardiovascular Axis 10 Brain circulation Axis 20 Microcirculation
142,Venous Circulation Repair Module,Variz,VARIZ,A6;A20;A24,A2;A3;A6;A9;A17;A20;A24,A2;A19;A35,A2;A3;A6;A9;A17;A19;A20;A24;A35,PARTIAL,,A2;A3;A9;A17;A19;A35,A2;A3;A6;A9;A17;A19;A20;A24;A35,6,,,,Axis 6 Cardiovascular Axis 20 Microcirculation Axis 24 Musculoskeletal
143,Detox & Hepatic Clearance Module,EDH,EDH,A1;A3;A13,A1;A3;A5;A6;A9;A13,A14;A16,A1;A3;A5;A6;A9;A13;A14;A16,PARTIAL,,A5;A6;A9;A14;A16,A1;A3;A5;A6;A9;A13;A14;A16,4,,,,Axis 13 Liver Axis 1 Detox Axis 3 Oxidative stress
144,Cardiovascular Flow Optimizer,Stream,Stream,A3;A6;A8,A3;A6;A8;A10;A20,,A3;A6;A8;A10;A20,PARTIAL,,A10;A20,A3;A6;A8;A10;A20,2,,,,Axis 6 Cardiovascular Axis 8 Metabolic Axis 3 Oxidative stress
145,Cellular Energy Module,VitaCel,VITACEL,A10;A11;A18,A3;A5;A10;A11;A14;A15;A16;A18,A8,A3;A5;A8;A10;A11;A14;A15;A16;A18,PARTIAL,,A3;A5;A8;A14;A15;A16,A3;A5;A8;A10;A11;A14;A15;A16;A18,6,,,,Axis 11 Mitochondrial energy Axis 10 Nervous system Axis 18 Longevity
146,Marine Calcium Bone Matrix,RedCal,REDCAL,A3;A24;A25,A3;A22;A24;A25;A29;A30;A34,A24;A29,A3;A22;A24;A25;A29;A30;A34,PARTIAL,,A22;A29;A30;A34,A3;A22;A24;A25;A29;A30;A34,6,,,,Axis 25 Bone metabolism Axis 24 Musculoskeletal Axis 3 Oxidative stress
147,Immune Activation Module,IM-1 Beta-Glucan,Beta-V,A4;A5;A19,A3;A4;A5;A6;A18;A19;A21,,A3;A4;A5;A6;A18;A19;A21,PARTIAL,,A3;A6;A18;A21,A3;A4;A5;A6;A18;A19;A21,3,,,,Axis 4 Immune Axis 5 Inflammation Axis 19 Cancer surveillance
148,Renal Detox & Fluid Balance Module,KD,KD,A1;A5;A17;A35,A1;A5;A12;A17;A35,,A1;A5;A12;A17;A35,PARTIAL,,A12,A1;A5;A12;A17;A35,2,,,,Axis 17 Kidney Axis 1 Detox Axis 5 Inflammation Axis 35: Organ Resilience & Functional Reserve (Organ Meta‑Axis)
149,Renal Recovery Module,Renax,Renax,A5;A6;A17;A39,A5;A6;A12;A17;A20;A39,,A5;A6;A12;A17;A20;A39,PARTIAL,,A12;A20,A5;A6;A12;A17;A20;A39,2,,,,Axis 17 Kidney Axis 6 Cardiovascular Axis 5 Inflammation                                              AXIS 37 Protein Quality Control System Axis  AXIS 38 Protein Clearance & Proteotoxic Stress Axis                                                          Axis 39  Cognitive-Emotional Loop Axis (CELA
150,Digestive Neuroenteric Module,Sinaza,Sinaza,A5;A15;A16,A5;A15;A16,,A5;A15;A16,AGREE,,,A5;A15;A16,2,,,,Axis 15 Digestive system Axis 16 Microbiome Axis 5 Inflammation
151,Gluco-Inflammatory Regulation Module,DB-1,DB-1,A5;A8;A11,A5;A8;A9;A11,,A5;A8;A9;A11,PARTIAL,,A9,A5;A8;A9;A11,2,,,,Axis 8 Metabolic Axis 5 Inflammation Axis 11 Mitochondria
152,Respiratory Immune Protection Module,NARIS,VARIZ,A4;A5;A21,A2;A3;A6;A9;A17;A20;A24,A2;A19;A35,A2;A3;A6;A9;A17;A19;A20;A24;A35,DIFFER,A4;A5;A21,A2;A3;A6;A9;A17;A19;A20;A24;A35,A2;A3;A4;A5;A6;A9;A17;A19;A20;A21;A24;A35,6,,,DIFFER,Axis 4 Immune Axis 21 Respiratory Axis 5 Inflammation
153,Adaptogenic Immune Longevity Module,Reishimuno,Reishimuno,A4;A18;A19,A3;A4;A5;A11;A18;A19,,A3;A4;A5;A11;A18;A19,PARTIAL,,A3;A5;A11,A3;A4;A5;A11;A18;A19,3,,,,Axis 4 Immune Axis 19 Cancer Axis 18 Longevity
154,Metabolic Detox Neurobalance Module,IM-5,IM-5,A3;A5;A8,A3;A5;A7;A8;A9;A14,,A3;A5;A7;A8;A9;A14,PARTIAL,,A7;A9;A14,A3;A5;A7;A8;A9;A14,3,,,,Axis 3 Oxidative stress Axis 5 Inflammation Axis 8 Metabolic
155,Hepatic Regeneration Module,HEPA-1,HEPA-1,A1;A5;A13,A1;A3;A5;A13,,A1;A3;A5;A13,PARTIAL,,A3,A1;A3;A5;A13,3,,,,Axis 13 Liver Axis 1 Detox Axis 5 Inflammation
156,Cardiovascular Protection Module,HP-1,HP-1,A3;A6;A20,A3;A5;A6;A20;A21,,A3;A5;A6;A20;A21,PARTIAL,,A5;A21,A3;A5;A6;A20;A21,3,,,,Axis 6 Cardiovascular Axis 20 Microcirculation Axis 3 Oxidative stress
157,Viral Defense Immunomodulator,BETA-V,Beta-V,A4;A19;A21,A3;A4;A5;A6;A18;A19;A21,,A3;A4;A5;A6;A18;A19;A21,PARTIAL,,A3;A5;A6;A18,A3;A4;A5;A6;A18;A19;A21,3,,,,Axis 4 Immune Axis 21 Respiratory Axis 19 Cancer surveillance
158,Prebiotic Microbiome Restoration Module,IMO,IMO,A5;A15;A16,A1;A2;A4;A5;A8;A12;A15;A16;A36;A38;A39,,A1;A2;A4;A5;A8;A12;A15;A16;A36;A38;A39,PARTIAL,,A1;A2;A4;A8;A12;A36;A38;A39,A1;A2;A4;A5;A8;A12;A15;A16;A36;A38;A39,4,,,,Axis 16 Microbiome Axis 15 Digestive Axis 5 Inflammation
159,Neurovascular Longevity Module,KS,KS,A1;A2;A3;A4;A5;A6;A7;A8;A9;A10;A11;A12;A13;A14;A15;A16;A17;A18;A19;A20;A21;A22;A23;A24;A25;A26;A27;A30;A35;A38;A39,A1;A2;A3;A4;A5;A6;A7;A8;A9;A10;A11;A12;A13;A14;A15;A16;A17;A18;A19;A20;A21;A22;A23;A24;A25;A26;A27;A30;A35;A36;A38;A39,A1;A5;A16;A19,A1;A2;A3;A4;A5;A6;A7;A8;A9;A10;A11;A12;A13;A14;A15;A16;A17;A18;A19;A20;A21;A22;A23;A24;A25;A26;A27;A30;A35;A36;A38;A39,PARTIAL,,A36,A1;A2;A3;A4;A5;A6;A7;A8;A9;A10;A11;A12;A13;A14;A15;A16;A17;A18;A19;A20;A21;A22;A23;A24;A25;A26;A27;A30;A35;A36;A38;A39,5,,,,Axis 10 Nervous system                                     Axis 6 Cardiovascular                                               Axis 18 Longevity                                               Axis 1: Systemic Inflammatory Load                   Axis 2: Immune Homeostasis                           Axi
160,Lymphatic Detox Module,Minoza,Minoza,A1;A5;A14,A1;A2;A3;A4;A5;A6;A7;A8;A9;A10;A11;A12;A13;A14;A15;A16;A17;A18;A20;A21;A22;A23;A24;A25;A26;A27;A30;A33;A35;A36;A39,A2;A16;A21;A36,A1;A2;A3;A4;A5;A6;A7;A8;A9;A10;A11;A12;A13;A14;A15;A16;A17;A18;A20;A21;A22;A23;A24;A25;A26;A27;A30;A33;A35;A36;A39,PARTIAL,,A2;A3;A4;A6;A7;A8;A9;A10;A11;A12;A13;A15;A16;A17;A18;A20;A21;A22;A23;A24;A25;A26;A27;A30;A33;A35;A36;A39,A1;A2;A3;A4;A5;A6;A7;A8;A9;A10;A11;A12;A13;A14;A15;A16;A17;A18;A20;A21;A22;A23;A24;A25;A26;A27;A30;A33;A35;A36;A39,4,,,,Axis 1 Detox Axis 14 Lymphatic Axis 5 Inflammation
161,Curcuma Digestive Integrity Module,Curcuma Longa Capsule (Turmeric Capsules),Curcuma Longa Capsule (Turmeric Capsules),A1;A9;A16;A17;A19,A17;A19,A1;A9;A16,A1;A9;A16;A17;A19,AGREE,,,A1;A9;A16;A17;A19,1,,,,Axis 17 Digestive–Absorptive Axis Axis 19 Gut Barrier Axis Secondary Axes Axis 1 Systemic Inflammatory Load Axis Axis 16 Detoxification Axis Axis 9 Oxidative Stress Axis
162,Andrographis Immune Defense Module,Andrographis paniculata capsules.,Andrographis paniculata capsules.,A1;A2;A3;A4;A9,A2;A3,A1;A4;A9,A1;A2;A3;A4;A9,AGREE,,,A1;A2;A3;A4;A9,1,,,,Axis 3 Pathogen Defense Axis Axis 2 Immune Homeostasis Axis Secondary Axes Axis 4 Post-Infectious Persistence Axis Axis 1 Systemic Inflammatory Load Axis Axis 9 Oxidative Stress Axis
163,Absorn Women's Internal Harmony Module,ABSORN CAPSULE (Apsorn Capsule Medicine),ABSORN CAPSULE (Apsorn Capsule Medicine),A1;A21;A25;A31;A32,A32,A1;A21;A25;A31,A1;A21;A25;A31;A32,AGREE,,,A1;A21;A25;A31;A32,1,,,,Axis 32 Female Hormonal Axis Secondary Axes Axis 1 Systemic Inflammatory Load Axis Axis 21 Endothelial Function Axis Axis 25 Wound Healing & Tissue Repair Axis Axis 31 Connective Tissue Integrity Axis
164,Derris Musculoskeletal Repair Module,COMPOUND DERRIS SCANDENS CAPSULE (Derris Scandens Capsule),COMPOUND DERRIS SCANDENS CAPSULE (Derris Scandens Capsule),A1;A25;A29;A30;A31,A25;A31,A1;A29;A30,A1;A25;A29;A30;A31,AGREE,,,A1;A25;A29;A30;A31,1,,,,Axis 25 Wound Healing & Tissue Repair Axis Axis 31 Connective Tissue Integrity Axis Secondary Axes Axis 1 Systemic Inflammatory Load Axis Axis 29 Muscle Protein Turnover Axis Axis 30 Bone Remodeling Axis
165,Velvet Antler Rejuvenation Module,"Deer Antler Velvet Capsule, Veychakorn Brand.","Deer Antler Velvet Capsule, Veychakorn Brand.",A2;A14;A28;A29;A30;A34,A14;A28,A2;A29;A30;A34,A2;A14;A28;A29;A30;A34,AGREE,,,A2;A14;A28;A29;A30;A34,1,,,,Axis 28 Stem Cell & Regenerative Reserve Axis Axis 14 Longevity Signaling Axis Secondary Axes Axis 2 Immune Homeostasis Axis Axis 29 Muscle Protein Turnover Axis Axis 30 Bone Remodeling Axis Axis 34 Thyroid-Adrenal-Growth Axis
166,Butea Male Vitality Module,BUTEA SUPERBA CAPSULE (Red Kwao Krua Capsules),BUTEA SUPERBA CAPSULE (Red Kwao Krua Capsules),A14;A21;A24;A29;A33,A33,A14;A21;A24;A29,A14;A21;A24;A29;A33,AGREE,,,A14;A21;A24;A29;A33,1,,,,Axis 33 Male Androgen Axis Secondary Axes Axis 21 Endothelial Function Axis Axis 24 Hemodynamic & Arterial Elasticity Axis Axis 29 Muscle Protein Turnover Axis Axis 14 Longevity Signaling Axis
167,Bencha-Kul Metabolic Fire Module,BENCHAKUN CAPSULE (Benjakun Capsule Medicine),BENCHAKUN CAPSULE (Benjakun Capsule Medicine),A5;A6;A7;A16;A17;A18,A7;A17,A5;A6;A16;A18,A5;A6;A7;A16;A17;A18,AGREE,,,A5;A6;A7;A16;A17;A18,1,,,,Axis 17 Digestive–Absorptive Axis Axis 7 Nutrient Sensing Axis Secondary Axes Axis 5 Glucose–Insulin Regulation Axis Axis 6 Lipid Metabolism Axis Axis 18 Microbiome Ecology Axis Axis 16 Detoxification Axis
168,Vetchakorn Neuro-Sleep Module No.6,YA VETCHAKORN NO.6 (Medicine Vejakorn Number 6),YA VETCHAKORN NO.6 (Medicine Vejakorn Number 6),A1;A17;A18;A34;A35,A35,A1;A17;A18;A34,A1;A17;A18;A34;A35,AGREE,,,A1;A17;A18;A34;A35,1,,,,Axis 35 Neuro-Sleep-Brain Clearance Axis Secondary Axes Axis 17 Digestive–Absorptive Axis Axis 18 Microbiome Ecology Axis Axis 1 Systemic Inflammatory Load Axis Axis 34 Thyroid-Adrenal-Growth Axis
169,Ho Ren Yin Vital Organ Restore Module,HO RENYIN CAPSULE          Horenyin Capsule,HO RENYIN CAPSULE          Horenyin Capsule,A2;A14;A28;A34;A35;A36,A14;A28,A2;A34;A35;A36,A2;A14;A28;A34;A35;A36,AGREE,,,A2;A14;A28;A34;A35;A36,1,,,,Axis 14 Longevity Signaling Axis Axis 28 Stem Cell & Regenerative Reserve Axis Secondary Axes Axis 2 Immune Homeostasis Axis Axis 34 Thyroid-Adrenal-Growth Axis Axis 35 Neuro-Sleep-Brain Clearance Axis Axis 36 Oncology Control Axis (supportive context)
170,Bitter Melon Glycemic Balance Module,MOMORDICA CHARANTIA CAPSULE         Bitter melon capsules,MOMORDICA CHARANTIA CAPSULE         Bitter melon capsules,A1;A5;A6;A8;A21,A5,A1;A6;A8;A21,A1;A5;A6;A8;A21,AGREE,,,A1;A5;A6;A8;A21,1,,,,Axis 5 Glucose–Insulin Regulation Axis Secondary Axes Axis 6 Lipid Metabolism Axis Axis 1 Systemic Inflammatory Load Axis Axis 8 Mitochondrial Network Axis Axis 21 Endothelial Function Axis
171,Microcirculation & Blood Qi Regulation Module,Tangchou Plus Sanchi,TANGCHOU PLUS SANCHI,A5;A6;A20,A5;A6;A7;A10;A14;A20,A21;A29,A5;A6;A7;A10;A14;A20;A21;A29,PARTIAL,,A7;A10;A14;A21;A29,A5;A6;A7;A10;A14;A20;A21;A29,6,,,,Axis 6 Cardiovascular Axis 20 Microcirculation Axis 5 Inflammation
172,Venous Circulation Support Module,Variz,VARIZ,A6;A17;A20,A2;A3;A6;A9;A17;A20;A24,A2;A19;A35,A2;A3;A6;A9;A17;A19;A20;A24;A35,PARTIAL,,A2;A3;A9;A19;A24;A35,A2;A3;A6;A9;A17;A19;A20;A24;A35,6,,,,Axis 6 Cardiovascular Axis 20 Microcirculation Axis 17 Connective tissue
173,Endothelial Detox & Hemodynamics Module,EDH,EDH,A3;A5;A6,A1;A3;A5;A6;A9;A13,A14;A16,A1;A3;A5;A6;A9;A13;A14;A16,PARTIAL,,A1;A9;A13;A14;A16,A1;A3;A5;A6;A9;A13;A14;A16,4,,,,Axis 6 Cardiovascular Axis 3 Oxidative stress Axis 5 Inflammation
174,Circulatory Flow Optimization Module,Stream,Stream,A6;A10;A20,A3;A6;A8;A10;A20,,A3;A6;A8;A10;A20,PARTIAL,,A3;A8,A3;A6;A8;A10;A20,2,,,,Axis 6 Cardiovascular Axis 10 Nervous system Axis 20 Microcirculation
175,Cellular Regeneration Module,VitaCel,VITACEL,A3;A11;A18,A3;A5;A10;A11;A14;A15;A16;A18,A8,A3;A5;A8;A10;A11;A14;A15;A16;A18,PARTIAL,,A5;A8;A10;A14;A15;A16,A3;A5;A8;A10;A11;A14;A15;A16;A18,6,,,,Axis 11 Mitochondria Axis 18 Longevity Axis 3 Oxidative stress
176,Osteogenic Mineral Support Module,Redcal,REDCAL,A22;A24,A3;A22;A24;A25;A29;A30;A34,A24;A29,A3;A22;A24;A25;A29;A30;A34,PARTIAL,,A3;A25;A29;A30;A34,A3;A22;A24;A25;A29;A30;A34,6,,,,Axis 22 Skeletal Axis 24 Mineral metabolism
177,Immune Priming Module,IM-1 Betaglucan,IM-1 Beta Glucan,A4;A18;A19,A2;A4;A5;A18;A19,A1;A36,A1;A2;A4;A5;A18;A19;A36,PARTIAL,,A1;A2;A5;A36,A1;A2;A4;A5;A18;A19;A36,4,,,,Axis 4 Immune Axis 19 Cancer surveillance Axis 18 Longevity
178,Renal Detoxification Module,KD,KD,A1;A5;A12,A1;A5;A12;A17;A35,,A1;A5;A12;A17;A35,PARTIAL,,A17;A35,A1;A5;A12;A17;A35,2,,,,Axis 12 Kidney Axis 1 Detox Axis 5 Inflammation
179,Renal Recovery Module,Renax,Renax,A5;A12;A20,A5;A6;A12;A17;A20;A39,,A5;A6;A12;A17;A20;A39,PARTIAL,,A6;A17;A39,A5;A6;A12;A17;A20;A39,2,,,,Axis 12 Kidney Axis 20 Microcirculation Axis 5 Inflammation
180,Digestive Enzyme Balance Module,Sinaza,Sinaza,A5;A15;A16,A5;A15;A16,,A5;A15;A16,AGREE,,,A5;A15;A16,2,,,,Axis 15 Digestive Axis 16 Microbiome Axis 5 Inflammation
181,Tangchou Plus Sanchi Module,TANGCHOU PLUS SANCHI,TANGCHOU PLUS SANCHI,,A5;A6;A7;A10;A14;A20,A21;A29,A5;A6;A7;A10;A14;A20;A21;A29,MD_ONLY(no xlsx axes),,A5;A6;A7;A10;A14;A20;A21;A29,A5;A6;A7;A10;A14;A20;A21;A29,6,,,,Microcirculation Brain perfusion Anti-thrombosis
182,Variz Venous Circulation Module,VARIZ,VARIZ,,A2;A3;A6;A9;A17;A20;A24,A2;A19;A35,A2;A3;A6;A9;A17;A19;A20;A24;A35,MD_ONLY(no xlsx axes),,A2;A3;A6;A9;A17;A19;A20;A24;A35,A2;A3;A6;A9;A17;A19;A20;A24;A35,6,,,,Venous system Lymphatic flow
183,EDH Liver Detox Module,EDH,EDH,,A1;A3;A5;A6;A9;A13,A14;A16,A1;A3;A5;A6;A9;A13;A14;A16,MD_ONLY(no xlsx axes),,A1;A3;A5;A6;A9;A13;A14;A16,A1;A3;A5;A6;A9;A13;A14;A16,4,,,,Hepatic detoxification Phase I / Phase II detox
184,Stream Cardiovascular Protection Module,STREAM PLUS,STREAM PLUS,A6;A7;A16;A20;A21;A22;A23,A6;A7;A16;A20;A21;A22;A23,,A6;A7;A16;A20;A21;A22;A23,AGREE,,,A6;A7;A16;A20;A21;A22;A23,1,,,,Heart Blood vesselsAxis 6: Lipid–Lipotoxicity                                   Axis 7: Nutrient Sensing (AMPK–mTOR)             Axis 16: Digestive–Absorptive                           Axis 20: Endothelial Function                            Axis 21: Vascular Remodeling & Microcirculation Axis 22: T
185,VitaCel Cellular Energy Module,VITACEL,VITACEL,,A3;A5;A10;A11;A14;A15;A16;A18,A8,A3;A5;A8;A10;A11;A14;A15;A16;A18,MD_ONLY(no xlsx axes),,A3;A5;A8;A10;A11;A14;A15;A16;A18,A3;A5;A8;A10;A11;A14;A15;A16;A18,6,,,,Cellular metabolism Mitochondria
186,RedCal Bone Density Module,REDCAL,REDCAL,A29,A3;A22;A24;A25;A29;A30;A34,A24;A29,A3;A22;A24;A25;A29;A30;A34,PARTIAL,,A3;A22;A24;A25;A30;A34,A3;A22;A24;A25;A29;A30;A34,6,,,,Skeletal system                                                      Axis 29: Bone Remodeling
187,IM-1 Beta Glucan Immune Module,IM-1,IM-1,A1;A2;A3;A4;A5;A6;A7;A8;A9;A10;A11;A12;A13;A14;A20;A22;A23;A24;A25;A26;A27;A36,A1;A2;A3;A4;A5;A6;A7;A8;A9;A10;A11;A12;A13;A14;A20;A22;A23;A24;A25;A26;A27;A32;A36,,A1;A2;A3;A4;A5;A6;A7;A8;A9;A10;A11;A12;A13;A14;A20;A22;A23;A24;A25;A26;A27;A32;A36,PARTIAL,,A32,A1;A2;A3;A4;A5;A6;A7;A8;A9;A10;A11;A12;A13;A14;A20;A22;A23;A24;A25;A26;A27;A32;A36,2,,,,Innate immunity                                              Axis 1: Systemic Inflammatory Load                 Axis 2: Immune Homeostasis                              Axis 3: Pathogen Defense (Host Defense)           Axis 4: Post‑Infectious Persistence                 Axis 5: Glucose–Insulin Regula
188,KD Kidney Protection Module,,UNMATCHED,A35,,,,XLSX_ONLY(no md),A35,,A35,0,,,NOT_IN_REGISTRY,Renal function                                                Axis 35: Organ Resilience & Functional Reserve (Organ Meta‑Axis)
189,Renax Renal Detox Module,,None,A26;A27;A36,A2;A3;A4;A26;A27;A35;A36,,A2;A3;A4;A26;A27;A35;A36,PARTIAL,,A2;A3;A4;A35,A2;A3;A4;A26;A27;A35;A36,3,,,,Kidney detox Electrolyte balance                       Axis 26: Stem Cell & Hematopoiesis                  Axis 27: Glycation / Carbonyl Stress (AGE)         Axis 36: Oncology                                          AXIS 37 Protein Quality Control System Axis       AXIS 38 Protein Clearance & Prote
190,Sinaza Digestive Enzyme Module,,UNMATCHED,A2;A3;A4;A35,,,,XLSX_ONLY(no md),A2;A3;A4;A35,,A2;A3;A4;A35,0,,,NOT_IN_REGISTRY,Digestive system                                              Axis 2: Immune Homeostasis                            Axis 3: Pathogen Defense (Host Defense)           Axis 4: Post‑Infectious Persistence                     Axis 35: Organ Resilience & Functional Reserve (Organ Meta‑Axis)
191,,ZAMINZYME,ZAMINZYME,A17;A18;A19;A28;A29;A30;A31;A35,A17;A18;A19;A28;A29;A30;A31;A35,,A17;A18;A19;A28;A29;A30;A31;A35,AGREE,,,A17;A18;A19;A28;A29;A30;A31;A35,1,,,,Axis 17: Microbiome Ecology                            Axis 18: Gut Barrier & Mucosal Integrity               Axis 19: Colon Biofilm & Mucosal Burden            Axis 28: Muscle Protein Turnover                       Axis 29: Bone Remodeling                                Axis 30: Connective Tissue I
192,,STREAM X,STREAM X,A6;A7;A16;A20;A21;A22;A23,A6;A7;A16;A20;A21;A22;A23,,A6;A7;A16;A20;A21;A22;A23,AGREE,,,A6;A7;A16;A20;A21;A22;A23,1,,,,Axis 6: Lipid–Lipotoxicity                                   Axis 7: Nutrient Sensing (AMPK–mTOR)             Axis 16: Digestive–Absorptive                           Axis 20: Endothelial Function                            Axis 21: Vascular Remodeling & Microcirculation Axis 22: Thrombosis–Hemostasi
193,,IM 9,IM 9,A1;A2;A3;A4;A5;A7;A8;A9;A10;A11;A12;A13;A14;A15;A16;A17;A18;A22;A24;A25;A26;A27;A36,A1;A2;A3;A4;A5;A6;A7;A8;A9;A10;A11;A12;A13;A14;A15;A16;A17;A18;A22;A24;A25;A26;A27;A36,,A1;A2;A3;A4;A5;A6;A7;A8;A9;A10;A11;A12;A13;A14;A15;A16;A17;A18;A22;A24;A25;A26;A27;A36,PARTIAL,,A6,A1;A2;A3;A4;A5;A6;A7;A8;A9;A10;A11;A12;A13;A14;A15;A16;A17;A18;A22;A24;A25;A26;A27;A36,2,,,,Axis 1: Systemic Inflammatory Load                   Axis 2: Immune Homeostasis                         Axis 3: Pathogen Defense (Host Defense)          Axis 4: Post‑Infectious Persistence                    Axis 5: Glucose–Insulin Regulation                 Axis 7: Nutrient Sensing (AMPK–mTOR)     
194,,BETA 1,BETA 1,A36,A36,,A36,AGREE,,,A36,1,,,,Axis 36: Oncology
195,,IM-7,IM-7,A1;A2;A3;A4;A5;A6;A7;A8;A9;A11;A12;A13;A14;A24;A25;A26;A27;A36,A1;A2;A3;A4;A5;A6;A7;A8;A9;A11;A12;A13;A14;A24;A25;A26;A27;A36,,A1;A2;A3;A4;A5;A6;A7;A8;A9;A11;A12;A13;A14;A24;A25;A26;A27;A36,AGREE,,,A1;A2;A3;A4;A5;A6;A7;A8;A9;A11;A12;A13;A14;A24;A25;A26;A27;A36,1,,,,Axis 1: Systemic Inflammatory Load                    Axis 2: Immune Homeostasis                            Axis 3: Pathogen Defense (Host Defense)          Axis 4: Post‑Infectious Persistence                    Axis 5: Glucose–Insulin Regulation                   Axis 6: Lipid–Lipotoxicity         
196,,RIZZO,Rizzo Capsule,A12;A35;A36,A1;A4;A9;A12;A18;A22;A35;A36,,A1;A4;A9;A12;A18;A22;A35;A36,PARTIAL,,A1;A4;A9;A18;A22,A1;A4;A9;A12;A18;A22;A35;A36,2,,,,Axis 12: Epigenetic Regulation                           Axis 35: Organ Resilience & Functional Reserve (Organ Meta‑Axis)                                          Axis 36: Oncology
197,,BETA 5,BETA 5 Capsule,A36,A36,,A36,AGREE,,,A36,2,,,,Axis 36: Oncology
198,,RIZZ,RIZZ,A35;A36,A35;A36,,A35;A36,AGREE,,,A35;A36,1,,,,Axis 35: Organ Resilience & Functional Reserve (Organ Meta‑Axis)                                            Axis 36: Oncology
199,,CURMINA,CURMINA,A35,A35,,A35,AGREE,,,A35,1,,,,Axis 35: Organ Resilience & Functional Reserve (Organ Meta‑Axis)
200,,BETA G,BETA G,A1;A2;A3;A4;A5;A6;A7;A8;A9;A10;A11;A12;A13;A14;A24;A25;A26;A27;A36,A1;A2;A3;A4;A5;A6;A7;A8;A9;A10;A11;A12;A13;A14;A18;A24;A25;A26;A27;A34;A35;A36,,A1;A2;A3;A4;A5;A6;A7;A8;A9;A10;A11;A12;A13;A14;A18;A24;A25;A26;A27;A34;A35;A36,PARTIAL,,A18;A34;A35,A1;A2;A3;A4;A5;A6;A7;A8;A9;A10;A11;A12;A13;A14;A18;A24;A25;A26;A27;A34;A35;A36,2,,,,Axis 1: Systemic Inflammatory Load               Axis 2: Immune Homeostasis                          Axis 3: Pathogen Defense (Host Defense)       Axis 4: Post‑Infectious Persistence                Axis 5: Glucose–Insulin Regulation                Axis 6: Lipid–Lipotoxicity                          
201,,LANA,LANA,A31;A33;A35;A36,A7;A15;A18;A31;A33;A35;A36,,A7;A15;A18;A31;A33;A35;A36,PARTIAL,,A7;A15;A18,A7;A15;A18;A31;A33;A35;A36,2,,,,Axis 31: Female Hormone                                Axis 33: Thyroid–Adrenal–Growth                    Axis 35: Organ Resilience & Functional Reserve (Organ Meta‑Axis)                                         Axis 36: Oncology
202,,IM 6,IM-6 Capsule,A1;A2;A3;A4;A5;A6;A7;A8;A9;A10;A11;A12;A13;A14;A15;A18;A20;A21;A22;A23;A24;A25;A26;A27;A33;A35;A36,A1;A2;A3;A4;A5;A6;A7;A8;A9;A10;A11;A12;A13;A14;A15;A17;A18;A20;A21;A22;A23;A24;A25;A26;A27;A33;A35;A36,,A1;A2;A3;A4;A5;A6;A7;A8;A9;A10;A11;A12;A13;A14;A15;A17;A18;A20;A21;A22;A23;A24;A25;A26;A27;A33;A35;A36,PARTIAL,,A17,A1;A2;A3;A4;A5;A6;A7;A8;A9;A10;A11;A12;A13;A14;A15;A17;A18;A20;A21;A22;A23;A24;A25;A26;A27;A33;A35;A36,3,,,,Axis 1: Systemic Inflammatory Load                  Axis 2: Immune Homeostasis                            Axis 3: Pathogen Defense (Host Defense)          Axis 4: Post‑Infectious Persistence                    Axis 5: Glucose–Insulin Regulation                  Axis 6: Lipid–Lipotoxicity            
203,,HEPA 3,HEPA-3 Capsule,A15;A35;A36,A1;A5;A6;A8;A9;A13;A15;A21;A24;A35;A36,,A1;A5;A6;A8;A9;A13;A15;A21;A24;A35;A36,PARTIAL,,A1;A5;A6;A8;A9;A13;A21;A24,A1;A5;A6;A8;A9;A13;A15;A21;A24;A35;A36,3,,,,Axis 15: Detoxification & Cellular Defense           Axis 35: Organ Resilience & Functional Reserve (Organ Meta‑Axis)                                           Axis 36: Oncology
204,,SANGVICHAI,Sangvichai,A12;A13;A14;A22;A23;A33;A34;A35,A1;A8;A9;A10;A12;A13;A14;A17;A21;A22;A23;A24;A33;A34;A35;A36;A39,,A1;A8;A9;A10;A12;A13;A14;A17;A21;A22;A23;A24;A33;A34;A35;A36;A39,PARTIAL,,A1;A8;A9;A10;A17;A21;A24;A36;A39,A1;A8;A9;A10;A12;A13;A14;A17;A21;A22;A23;A24;A33;A34;A35;A36;A39,2,,,,Axis 12: Epigenetic Regulation                          Axis 13: Longevity Signaling (SIRT–FOXO–IGF) Axis 14: Senescence & SASP                         Axis 22: Thrombosis–Hemostasis                     Axis 23: Hemodynamics & Arterial Elasticity        Axis 33: Thyroid–Adrenal–Growth               
205,,LIVOXY PLUS,LIVOXY PLUS,A8;A9;A25;A26;A27;A36,A8;A9;A25;A26;A27;A36,,A8;A9;A25;A26;A27;A36,AGREE,,,A8;A9;A25;A26;A27;A36,1,,,,Axis 8: Mitochondrial Network  	                     Axis 9: Oxidative Stress	                             Axis 25: Fibrosis & ECM Remodeling                     Axis 26: Stem Cell & Hematopoiesis 	     Axis 27: Glycation / Carbonyl Stress (AGE)       Axis 36: Oncology
206,,BONAX,Bonax Capsule,A29,A29,,A29,AGREE,,,A29,1,,,,Axis 29: Bone Remodeling                               AXIS 37 Protein Quality Control System Axis
207,,BETA L,Beta L Capsule,A1;A36,A1;A3;A9;A15;A17;A20;A36,,A1;A3;A9;A15;A17;A20;A36,PARTIAL,,A3;A9;A15;A17;A20,A1;A3;A9;A15;A17;A20;A36,2,,,,Axis 1: Systemic Inflammatory Load                   Axis 36: Oncology                                          AXIS 37 Protein Quality Control System Axis
208,,BRANARIS,BRANARIS,A38,A38,,A38,AGREE,,,A38,1,,,,Axis 38Protein Clearance & Proteotoxic Stress                                                                       AXIS 37 Protein Quality Control System Axis
209,,PSYLAZA,Psylaza Capsule,A33;A34;A35;A38;A39,A9;A21;A22;A33;A34;A35;A38;A39,,A9;A21;A22;A33;A34;A35;A38;A39,PARTIAL,,A9;A21;A22,A9;A21;A22;A33;A34;A35;A38;A39,2,,,,Axis 33: Thyroid–Adrenal–Growth                      Axis 34: Neuro–Sleep–Stress–Brain Clearance (Meta‑Axis)                                                    Axis 35: Organ Resilience & Functional Reserve (Organ Meta‑Axis)                                           AXIS 37 Protein Quality Control S
210,,URANA 2,URANA 2,A15;A35;A36,A15;A35;A36,,A15;A35;A36,AGREE,,,A15;A35;A36,1,,,,Axis 15: Detoxification & Cellular Defense           Axis 35: Organ Resilience & Functional Reserve (Organ Meta‑Axis)                                           Axis 36: Oncology
211,,LYPHOLAX,LYPHOLAX,A15;A17;A19;A35;A36;A39,A15;A17;A19;A35;A36;A39,,A15;A17;A19;A35;A36;A39,AGREE,,,A15;A17;A19;A35;A36;A39,1,,,,Axis 15: Detoxification & Cellular Defense           Axis 35: Organ Resilience & Functional Reserve (Organ Meta‑Axis)                                           Axis 36: Oncology                                          Axis 17: Microbiome Ecology                            Axis 19: Colon Biofilm & M
212,,KERRIX PLUS,KERRIX PLUS,A36,A36,,A36,AGREE,,,A36,1,,,,Axis 36: Oncology
213,,KERRINA REFRESHING MOUTH SPRAY,KERRINA REFRESHING MOUTH SPRAY,,,,,NEITHER,,,,1,,,NO_AXES,
214,,B-FRESH MINERAL SOAP BAR,B-FRESH MINERAL SOAP BAR,,,,,NEITHER,,,,1,,,NO_AXES,
215,,ORYGIS PD HERB MOISTURIZER OIL,ORYGIS PD HERB MOISTURIZER OIL,,,,,NEITHER,,,,1,,,NO_AXES,
216,,BETA M,BETA M,A1;A2;A3;A4;A5;A6;A7;A9;A11;A12;A13;A14;A24;A25;A26;A27;A36,A1;A2;A3;A4;A5;A6;A7;A9;A11;A12;A13;A14;A24;A25;A26;A27;A36,,A1;A2;A3;A4;A5;A6;A7;A9;A11;A12;A13;A14;A24;A25;A26;A27;A36,AGREE,,,A1;A2;A3;A4;A5;A6;A7;A9;A11;A12;A13;A14;A24;A25;A26;A27;A36,1,,,,Axis 1: Systemic Inflammatory Load                   Axis 2: Immune Homeostasis                         Axis 3: Pathogen Defense (Host Defense)          Axis 4: Post‑Infectious Persistence                    Axis 5: Glucose–Insulin Regulation                    Axis 6: Lipid–Lipotoxicity            
217,,UMX,UMX,A36,A36,,A36,AGREE,,,A36,1,,,,Axis 36: Oncology
218,,IM9,IM9,A1;A2;A3;A4;A5;A6;A7;A8;A9;A10;A11;A12;A13;A14;A15;A16;A17;A18;A22;A24;A25;A26;A27;A36,,,,XLSX_ONLY(no md),A1;A2;A3;A4;A5;A6;A7;A8;A9;A10;A11;A12;A13;A14;A15;A16;A17;A18;A22;A24;A25;A26;A27;A36,,A1;A2;A3;A4;A5;A6;A7;A8;A9;A10;A11;A12;A13;A14;A15;A16;A17;A18;A22;A24;A25;A26;A27;A36,0,,,,Axis 1: Systemic Inflammatory Load                   Axis 2: Immune Homeostasis                         Axis 3: Pathogen Defense (Host Defense)          Axis 4: Post‑Infectious Persistence                    Axis 5: Glucose–Insulin Regulation                 Axis 6: Lipid–Lipotoxicity               
,,COMPOUND YHATEENNOK CAPSULE,COMPOUND YHATEENNOK CAPSULE,,A1;A9;A21;A22;A27;A32;A33,,A1;A9;A21;A22;A27;A32;A33,MD_ONLY(not in xlsx),,A1;A9;A21;A22;A27;A32;A33,A1;A9;A21;A22;A27;A32;A33,1,,,MODULE_NOT_IN_XLSX,
,,Centella Asiatica Capsule,Centella Asiatica Capsule,,A9;A21;A22;A25;A31;A33;A34,,A9;A21;A22;A25;A31;A33;A34,MD_ONLY(not in xlsx),,A9;A21;A22;A25;A31;A33;A34,A9;A21;A22;A25;A31;A33;A34,1,,,MODULE_NOT_IN_XLSX,
,,HOUTTUYNIA CORDATA CAPSULE,HOUTTUYNIA CORDATA CAPSULE,,A1;A2;A3;A9;A18;A19;A21,,A1;A2;A3;A9;A18;A19;A21,MD_ONLY(not in xlsx),,A1;A2;A3;A9;A18;A19;A21,A1;A2;A3;A9;A18;A19;A21,1,,,MODULE_NOT_IN_XLSX,
